{
"type": "FeatureCollection",
"name": "arm_admin0",
"crs": { "type": "name", "properties": { "name": "urn:ogc:def:crs:OGC:1.3:CRS84" } },
"features": [
{ "type": "Feature", "properties": { "iso2": "AM", "iso3": "ARM", "adm0_name": "Armenia", "adm0_name1": "Հայաստանի", "adm0_name2": "Армения", "adm0_name3": null, "adm0_pcode": "AM", "valid_on": "2023-10-02", "valid_to": null, "version": "v01", "area_sqkm": 29727.92620184, "lang": "en", "lang1": "hy", "lang2": "ru", "lang3": null, "center_lat": 40.07093669, "center_lon": 44.84797256 }, "geometry": { "type": "Polygon", "coordinates": [ [ [ 44.828077288000031, 41.29902832099998 ], [ 44.826959370000111, 41.29933014 ], [ 44.82635448700006, 41.299789703000101 ], [ 44.824640435000163, 41.299860362000175 ], [ 44.82271799200015, 41.300014397000041 ], [ 44.821806742000092, 41.300850214000036 ], [ 44.820791601, 41.301607373000024 ], [ 44.819986058000097, 41.301836353000169 ], [ 44.818265631000088, 41.301681902999974 ], [ 44.816955894000159, 41.301067607000164 ], [ 44.816485668000155, 41.300491267000098 ], [ 44.816146829000104, 41.300077347000126 ], [ 44.815344521000156, 41.299160348000157 ], [ 44.814945735000038, 41.297867242000109 ], [ 44.814738883000132, 41.297406436000188 ], [ 44.813737143000026, 41.295882117000076 ], [ 44.812630718000094, 41.294587855000145 ], [ 44.811315776000185, 41.293439755000179 ], [ 44.809808381000039, 41.291684334000138 ], [ 44.808502917000055, 41.289704224000104 ], [ 44.807496747000073, 41.287415872000111 ], [ 44.807397395000066, 41.285814510000137 ], [ 44.808318005, 41.284141594000062 ], [ 44.808619645000078, 41.282996141000069 ], [ 44.808623865000072, 41.281551932000013 ], [ 44.809028865000016, 41.280636887000071 ], [ 44.808428055000036, 41.279720172000168 ], [ 44.80802998200005, 41.278270058000089 ], [ 44.80803355400019, 41.277050852000116 ], [ 44.808542348000174, 41.276214471000117 ], [ 44.809045749000177, 41.274844346000179 ], [ 44.809258933000081, 41.273091753000188 ], [ 44.809158004000153, 41.272024120000026 ], [ 44.808558156000061, 41.270803910000154 ], [ 44.80836168999997, 41.269207616000074 ], [ 44.807860542000071, 41.267453832000115 ], [ 44.807156071000179, 41.266458445000069 ], [ 44.805746713000076, 41.264629869000089 ], [ 44.804033679999975, 41.262340282000139 ], [ 44.803130497000154, 41.260585791000153 ], [ 44.803240467000194, 41.258602790000168 ], [ 44.803751230000103, 41.257080949000056 ], [ 44.804864775000112, 41.255711876000021 ], [ 44.805976927000131, 41.254798034000089 ], [ 44.806180485000084, 41.253961146000165 ], [ 44.806585796000149, 41.252894358000162 ], [ 44.80780321400016, 41.251525430000072 ], [ 44.810032862000071, 41.250158164000084 ], [ 44.811855320000063, 41.24810470500006 ], [ 44.812968767000086, 41.246657061 ], [ 44.813883694000026, 41.244298595000089 ], [ 44.813989182, 41.241326589000039 ], [ 44.814096194000172, 41.240259290000097 ], [ 44.81458410800002, 41.239323422000155 ], [ 44.81480716700014, 41.238889466000103 ], [ 44.815481154, 41.238335881000069 ], [ 44.816933324000104, 41.237139908000131 ], [ 44.821280886000068, 41.234174558000063 ], [ 44.822003917000131, 41.233390771000131 ], [ 44.822191624000141, 41.233186984999975 ], [ 44.822796740000115, 41.232423942000025 ], [ 44.823538754000026, 41.232299496 ], [ 44.824114353000141, 41.232195722000142 ], [ 44.824822376000043, 41.231820046000109 ], [ 44.825932428000044, 41.231439741000031 ], [ 44.827244278000194, 41.230756231000157 ], [ 44.82976730200005, 41.230759989000092 ], [ 44.832492899000101, 41.230151758000147 ], [ 44.835522845000128, 41.229774137000049 ], [ 44.838448220000146, 41.229626530000189 ], [ 44.839862199000152, 41.229628505000107 ], [ 44.841878455000028, 41.229940021000118 ], [ 44.843395511000153, 41.230318850000117 ], [ 44.845106652000027, 41.230703152999979 ], [ 44.848239638000109, 41.230707324000093 ], [ 44.850763174000178, 41.23048561600001 ], [ 44.853289431, 41.229039398999987 ], [ 44.855411731000117, 41.228429855 ], [ 44.857029002000104, 41.22736963300008 ], [ 44.858446387000015, 41.225770171000079 ], [ 44.859757461000186, 41.225238038000157 ], [ 44.861976125000069, 41.224858729000118 ], [ 44.863493801000061, 41.224939029000041 ], [ 44.864097104000109, 41.224782761000085 ], [ 44.863794832000167, 41.223489921 ], [ 44.86410246600002, 41.222192569000185 ], [ 44.863904791000095, 41.220596354000179 ], [ 44.864510245000133, 41.219377843000132 ], [ 44.86541966600015, 41.218614931000104 ], [ 44.866633680000064, 41.218004114000109 ], [ 44.867846439000118, 41.218005512000047 ], [ 44.869460080000124, 41.218541091000191 ], [ 44.870672096000078, 41.218924448000053 ], [ 44.871980997000094, 41.219386390000068 ], [ 44.873595733000116, 41.219388174000187 ], [ 44.875717245000146, 41.218930003000025 ], [ 44.877027181000187, 41.21885815100012 ], [ 44.87864134300014, 41.219163362000074 ], [ 44.879042735000155, 41.219467281999982 ], [ 44.879852037000148, 41.220305366000048 ], [ 44.880356423000137, 41.221143128000108 ], [ 44.881359674000066, 41.222059893 ], [ 44.882696948000046, 41.222233943000049 ], [ 44.884062054000026, 41.222350445000075 ], [ 44.886480414000118, 41.222577862000151 ], [ 44.889737671000034, 41.222638586000187 ], [ 44.891859168000167, 41.222185351000121 ], [ 44.893218941000157, 41.221328453000069 ], [ 44.893449403000034, 41.22024549200006 ], [ 44.893604091000043, 41.218874660000154 ], [ 44.893758595, 41.217613715000027 ], [ 44.894210429000111, 41.216755963000082 ], [ 44.894890659000112, 41.216071098000043 ], [ 44.896256832000063, 41.215444409000099 ], [ 44.898226222000119, 41.21458799800007 ], [ 44.899737767000033, 41.214018956000018 ], [ 44.900645550000092, 41.214019743 ], [ 44.901179219000085, 41.213962642000183 ], [ 44.901484460000063, 41.213737896000055 ], [ 44.902615173000072, 41.212938249000047 ], [ 44.90307320200003, 41.212478154999985 ], [ 44.903074214000128, 41.211792668000044 ], [ 44.90249282700006, 41.211331696000116 ], [ 44.901307011000029, 41.211927217999971 ], [ 44.897343270000079, 41.211997011000165 ], [ 44.895757852000145, 41.211100789000113 ], [ 44.894075595000174, 41.210125965000088 ], [ 44.891009674000031, 41.207878259999973 ], [ 44.89031051000012, 41.207479908000096 ], [ 44.887451635000104, 41.205855 ], [ 44.884877011000071, 41.204209374000186 ], [ 44.881412579000084, 41.204279117000169 ], [ 44.878537073000018, 41.204349379000121 ], [ 44.878065830000025, 41.204401208000093 ], [ 44.872993020000081, 41.204945163000048 ], [ 44.868635041000175, 41.204861784000173 ], [ 44.866257593000114, 41.205309063000129 ], [ 44.864072266000051, 41.20665131800007 ], [ 44.862089824000122, 41.207025719000058 ], [ 44.860794032000058, 41.207066022000106 ], [ 44.859816991000116, 41.207096233000016 ], [ 44.857931685999972, 41.207392189000188 ], [ 44.857035895000024, 41.208291111000165 ], [ 44.855156319000116, 41.20911030200017 ], [ 44.853568888000154, 41.209406561000037 ], [ 44.851192525000101, 41.209256998000058 ], [ 44.849209943000176, 41.209625943000106 ], [ 44.849011800000028, 41.211420512000188 ], [ 44.848746906000144, 41.212105653000094 ], [ 44.8486144150001, 41.212466537000125 ], [ 44.847419410999976, 41.213815005000129 ], [ 44.845037618, 41.215904917000046 ], [ 44.843255055000043, 41.216572294000116 ], [ 44.841868711000075, 41.216722148000088 ], [ 44.840082248000158, 41.216123150000044 ], [ 44.837610882000149, 41.215073146000066 ], [ 44.835137913999972, 41.214692875000139 ], [ 44.831077304000075, 41.214613732000032 ], [ 44.827209950000054, 41.214833002000091 ], [ 44.823840922000159, 41.215272680000055 ], [ 44.821365977000141, 41.21564562400016 ], [ 44.820114107999984, 41.214759344000186 ], [ 44.819782129000146, 41.214523352000015 ], [ 44.818197727000154, 41.213620831000071 ], [ 44.816415994000067, 41.213916271000187 ], [ 44.814631703000146, 41.215111708000052 ], [ 44.812445641000124, 41.216227972000013 ], [ 44.811060320000138, 41.216000700000052 ], [ 44.809676525000157, 41.215250141000013 ], [ 44.808684032000031, 41.215777002000038 ], [ 44.808091940000054, 41.216822563000107 ], [ 44.807395880000172, 41.217867946000183 ], [ 44.806796157000065, 41.219138494000163 ], [ 44.805203610000149, 41.221003894000148 ], [ 44.804506337000134, 41.222426014 ], [ 44.80360693300014, 41.224219307000169 ], [ 44.802647022000031, 41.225374097000156 ], [ 44.802612258000181, 41.225410666000073 ], [ 44.800827626000114, 41.226532627999973 ], [ 44.799437555000111, 41.227801766000027 ], [ 44.797151463000148, 41.229665842000088 ], [ 44.795963892000032, 41.230412022000166 ], [ 44.794282382000176, 41.229514236000114 ], [ 44.792996951000134, 41.228313640000067 ], [ 44.792903465000052, 41.227188438000098 ], [ 44.793302536000112, 41.225917604000074 ], [ 44.794097332000149, 41.224427703000174 ], [ 44.794891618000122, 41.223089544000061 ], [ 44.794898581000098, 41.223079091000159 ], [ 44.795393212000079, 41.222258433000093 ], [ 44.795097994000173, 41.221363113000109 ], [ 44.794011337000029, 41.220911160000071 ], [ 44.791828996000049, 41.220682228000157 ], [ 44.789554179000049, 41.221201366000116 ], [ 44.787175607000052, 41.221647009000151 ], [ 44.78528908200019, 41.222088288000123 ], [ 44.783904214000188, 41.221714174000113 ], [ 44.782021384000188, 41.221035604000065 ], [ 44.781133795000187, 41.221185670000068 ], [ 44.780043222000074, 41.221931871000095 ], [ 44.779448207000144, 41.221632468000109 ], [ 44.778065417000164, 41.220656525000095 ], [ 44.776773588000083, 41.221475565000162 ], [ 44.775253165000152, 41.222252284000035 ], [ 44.774586655000064, 41.222596341000155 ], [ 44.773402587000191, 41.222290519000069 ], [ 44.773077832000013, 41.222007312000187 ], [ 44.772117408000156, 41.221168180000063 ], [ 44.772023508000188, 41.220267966000165 ], [ 44.772027142000127, 41.219221428000083 ], [ 44.770536887000048, 41.219296959000189 ], [ 44.769050154000183, 41.220340532000137 ], [ 44.768006732, 41.221437307000031 ], [ 44.767561520000129, 41.221907354000109 ], [ 44.76587502000001, 41.222578958000042 ], [ 44.764886639000053, 41.221828665000089 ], [ 44.764258884000071, 41.221016310000095 ], [ 44.76390016300013, 41.220555096000112 ], [ 44.763025777000109, 41.220877728000175 ], [ 44.762310969000112, 41.221148357000118 ], [ 44.761125615000083, 41.221219162000182 ], [ 44.757064431000174, 41.221210666 ], [ 44.753891452000062, 41.22090566300011 ], [ 44.751419035000026, 41.220450339000081 ], [ 44.749439836000136, 41.219697770000039 ], [ 44.748357233000036, 41.218277341000032 ], [ 44.748063257000013, 41.217230154000163 ], [ 44.747801448000132, 41.216831894000109 ], [ 44.74756718000009, 41.216480788000183 ], [ 44.746879400000068, 41.215129235000177 ], [ 44.746584594000183, 41.21430704800008 ], [ 44.746298463000016, 41.213034865000054 ], [ 44.746003390000055, 41.212285934000192 ], [ 44.745612468000047, 41.211238526000045 ], [ 44.745215787000177, 41.209892837000154 ], [ 44.744327695000038, 41.210189134000075 ], [ 44.744325066999977, 41.210864151000067 ], [ 44.744514730000162, 41.211984376000089 ], [ 44.744903300000146, 41.213633547000029 ], [ 44.743979406999983, 41.214212329000134 ], [ 44.74371542900019, 41.214379189000113 ], [ 44.741830573000186, 41.214374979000127 ], [ 44.740647986000113, 41.213770558000078 ], [ 44.739757330000145, 41.212947011000097 ], [ 44.738971822000167, 41.211825428999987 ], [ 44.738578932000166, 41.211301265000145 ], [ 44.73778536500015, 41.210472688999971 ], [ 44.736796880000156, 41.209873903000187 ], [ 44.735318557000141, 41.208750710000061 ], [ 44.734726001000183, 41.207922575 ], [ 44.735130770000183, 41.207206622 ], [ 44.735228491000157, 41.20702893400005 ], [ 44.735233617000063, 41.20575739200018 ], [ 44.734441661000062, 41.204557272000045 ], [ 44.733355998000036, 41.204031490000034 ], [ 44.732364303000168, 41.204254197000068 ], [ 44.730284516000097, 41.20454761100018 ], [ 44.7293922610001, 41.20417399300004 ], [ 44.727710493000188, 41.203720014 ], [ 44.726127679000172, 41.204464542000153 ], [ 44.726615251000169, 41.205512248000161 ], [ 44.727006467000024, 41.206407973000125 ], [ 44.72694352100018, 41.206549108000161 ], [ 44.726608086000056, 41.207233800000154 ], [ 44.725615074000132, 41.207754712000053 ], [ 44.72452442600013, 41.20842189800004 ], [ 44.724510502000044, 41.208437562000086 ], [ 44.723828690000119, 41.209095254000147 ], [ 44.723824641000192, 41.210058066000045 ], [ 44.723824597000032, 41.210068532000037 ], [ 44.724612019000176, 41.210666948000153 ], [ 44.725896791000082, 41.211643301000038 ], [ 44.726488048000022, 41.212764511000103 ], [ 44.726781637999977, 41.21381698600004 ], [ 44.725690267, 41.2146359300001 ], [ 44.724705689000075, 41.214769631000081 ], [ 44.72410243600018, 41.214857144000121 ], [ 44.723600681000164, 41.215525729000092 ], [ 44.723796603000039, 41.216724493000186 ], [ 44.72487831899997, 41.218223642000112 ], [ 44.72645968900008, 41.219572218000167 ], [ 44.726708957000142, 41.21962513699998 ], [ 44.727844484000173, 41.219873765000159 ], [ 44.728334362000055, 41.220398193 ], [ 44.728628944999969, 41.22122565799998 ], [ 44.728326003000177, 41.222418004000076 ], [ 44.729515886000115, 41.222944077000193 ], [ 44.729511250000087, 41.224069100000065 ], [ 44.729111281000087, 41.225261220000107 ], [ 44.72821441800005, 41.22593412700013 ], [ 44.726731221000193, 41.225930616000085 ], [ 44.725555212000131, 41.225394083000026 ], [ 44.724752779000085, 41.225025877000121 ], [ 44.723072386000069, 41.224127054000064 ], [ 44.721882534000031, 41.223600915000134 ], [ 44.720102335000092, 41.223371594000128 ], [ 44.718023822000134, 41.223214775000031 ], [ 44.716541320000033, 41.223064619000183 ], [ 44.715652473000148, 41.221864135000146 ], [ 44.715062297000145, 41.220517867000126 ], [ 44.712491839000108, 41.220359730000098 ], [ 44.710405840000078, 41.220354503000124 ], [ 44.708825400000023, 41.220429008000167 ], [ 44.708030750000034, 41.219903724000062 ], [ 44.707938057999968, 41.21893020300007 ], [ 44.707741744000089, 41.217883161000088 ], [ 44.707249390000186, 41.217955168000117 ], [ 44.706456027, 41.218701428000031 ], [ 44.705358402000059, 41.219295155000054 ], [ 44.70377935200014, 41.219066097000109 ], [ 44.702492726000116, 41.218539508000163 ], [ 44.702200146000052, 41.217345691000048 ], [ 44.702600910000172, 41.216075175000071 ], [ 44.702507971000045, 41.215174906000129 ], [ 44.700525057999982, 41.215394774000174 ], [ 44.698841837000089, 41.215238635000162 ], [ 44.697854336000034, 41.214487769000186 ], [ 44.696564729000158, 41.214636127000063 ], [ 44.696562649000157, 41.215086136000082 ], [ 44.696662461000074, 41.215981195000154 ], [ 44.697746627000072, 41.216810816000134 ], [ 44.698631606, 41.217257917000097 ], [ 44.699224485000116, 41.217934488000026 ], [ 44.698231792000172, 41.218303414000161 ], [ 44.69645041800004, 41.218377223000118 ], [ 44.694861014000139, 41.218896294 ], [ 44.693674239000075, 41.219264667 ], [ 44.691789939000159, 41.219113123000113 ], [ 44.688816586000087, 41.219178384000088 ], [ 44.68683616900006, 41.220292818000075 ], [ 44.684345443000041, 41.22230584600004 ], [ 44.682461504000059, 41.223498958000164 ], [ 44.681757567000147, 41.225741850000134 ], [ 44.681685696000159, 41.226270155 ], [ 44.681549313000176, 41.227237830000092 ], [ 44.682528870000112, 41.229631883000025 ], [ 44.68272431000014, 41.230783617999975 ], [ 44.682818591, 41.231354243000055 ], [ 44.683503072000065, 41.233150945000034 ], [ 44.683596153000053, 41.233972736000055 ], [ 44.683839995000142, 41.235155997 ], [ 44.683887357000174, 41.23539683100006 ], [ 44.684576236000055, 41.236293513000192 ], [ 44.685168437000129, 41.237116668000169 ], [ 44.686452410000015, 41.238245202000087 ], [ 44.68703879300017, 41.238843326 ], [ 44.688228987000059, 41.23929656700011 ], [ 44.689017499000101, 41.239670221000154 ], [ 44.689707532000057, 41.240347101000168 ], [ 44.689509538000038, 41.241168101000085 ], [ 44.688518203000172, 41.241165424000144 ], [ 44.687327250000124, 41.240863932000025 ], [ 44.685644487000047, 41.240482596000106 ], [ 44.6849533890001, 41.240035927000179 ], [ 44.684066787000063, 41.239881750000166 ], [ 44.683471697000073, 41.239655109000125 ], [ 44.682579589000113, 41.239207874000158 ], [ 44.681396012000164, 41.238827851000053 ], [ 44.6807973, 41.239349463000053 ], [ 44.680006287000026, 41.239499014999978 ], [ 44.678620943000169, 41.239270151000085 ], [ 44.677529333000052, 41.238518823000106 ], [ 44.676069574000167, 41.237923430000137 ], [ 44.676048804000061, 41.237918139000101 ], [ 44.674764654000057, 41.236862746000099 ], [ 44.673472707000144, 41.237382360000083 ], [ 44.672222882000028, 41.237792192000086 ], [ 44.671889567999983, 41.237906363000036 ], [ 44.67039880800013, 41.237975363000032 ], [ 44.669311239000081, 41.237820496000097 ], [ 44.669062371000109, 41.237683731000061 ], [ 44.668225924000069, 41.237220846000071 ], [ 44.667294969000068, 41.237626311000156 ], [ 44.667030968000176, 41.237740667000025 ], [ 44.665844071000095, 41.238035493000041 ], [ 44.664256628000146, 41.238030875000049 ], [ 44.663565326000139, 41.237657336000098 ], [ 44.663288905000059, 41.237489081000149 ], [ 44.662086508000129, 41.236752981000166 ], [ 44.661387923000177, 41.236452664000126 ], [ 44.660499476000098, 41.236675055000092 ], [ 44.659309523000161, 41.236221528000158 ], [ 44.65783038700016, 41.2353956070001 ], [ 44.656543431000102, 41.234941763000052 ], [ 44.654954083, 41.235313767000093 ], [ 44.653270465000162, 41.235156961000087 ], [ 44.650895268, 41.234699772 ], [ 44.649212459000125, 41.234396393000054 ], [ 44.647634033000088, 41.234020052000062 ], [ 44.645947248000084, 41.234459658000048 ], [ 44.643961950000119, 41.234976807000123 ], [ 44.641778456000111, 41.23497003500006 ], [ 44.639897490000067, 41.235414180000134 ], [ 44.637515759000109, 41.236154983000063 ], [ 44.635434112000098, 41.236525166000035 ], [ 44.634538238000061, 41.23682059000015 ], [ 44.633641946000125, 41.237189263 ], [ 44.632750468000097, 41.23793469900005 ], [ 44.63106051200009, 41.238902579000012 ], [ 44.629770279000184, 41.2390501860001 ], [ 44.628286800000069, 41.239045406000059 ], [ 44.627189826000063, 41.23934012400008 ], [ 44.626196408000112, 41.239708424000185 ], [ 44.624807811000096, 41.240080662000082 ], [ 44.623621976000095, 41.240150050000125 ], [ 44.622130244000118, 41.240370170000062 ], [ 44.621137206000014, 41.240665171000046 ], [ 44.619749864000028, 41.240812346000041 ], [ 44.61866106400015, 41.240882003000024 ], [ 44.617072247000067, 41.241101736000189 ], [ 44.61578933200002, 41.241170720000014 ], [ 44.613854126000149, 41.241347390000101 ], [ 44.613410207000129, 41.241387762000045 ], [ 44.611526366000135, 41.241083158000094 ], [ 44.609546830000113, 41.240553192999982 ], [ 44.607771958000171, 41.239422132000129 ], [ 44.607678036000038, 41.238898542000129 ], [ 44.608469640000123, 41.238676231000113 ], [ 44.609953543000074, 41.238608009000188 ], [ 44.61094483100004, 41.238611363000075 ], [ 44.612035829999968, 41.23816503200004 ], [ 44.611944971000185, 41.237118187000192 ], [ 44.611760599000036, 41.235474497999974 ], [ 44.611171569000135, 41.234274222000181 ], [ 44.610087750000105, 41.233522281000035 ], [ 44.608406507000154, 41.232993306000026 ], [ 44.606916676000083, 41.232914972000117 ], [ 44.606228018000138, 41.232164342000033 ], [ 44.606534602000067, 41.230742095000039 ], [ 44.606539966000184, 41.229847321000079 ], [ 44.606340752000051, 41.229548376000139 ], [ 44.605354100000113, 41.228796722000084 ], [ 44.605656191000151, 41.228122738000081 ], [ 44.606161061000194, 41.227151183000103 ], [ 44.606071221000036, 41.225952586000119 ], [ 44.60666748400007, 41.224761567000087 ], [ 44.607266648000063, 41.224240341000154 ], [ 44.60727156300004, 41.223418822000099 ], [ 44.607477490000122, 41.222592756000154 ], [ 44.608176339000124, 41.221621852000112 ], [ 44.608873358000153, 41.220954434000134 ], [ 44.608578946000137, 41.220351672000163 ], [ 44.607389620000163, 41.219902843000057 ], [ 44.606309218000092, 41.218627605000052 ], [ 44.604441127000143, 41.216972898000051 ], [ 44.603352099000119, 41.215995867000117 ], [ 44.602575226000056, 41.213826844000153 ], [ 44.601985191000153, 41.212851520000072 ], [ 44.601395619000073, 41.211802937000073 ], [ 44.60070768900016, 41.210979017000113 ], [ 44.600521408000134, 41.209706820000122 ], [ 44.600233015000128, 41.208136002000174 ], [ 44.600144230000183, 41.206785651000075 ], [ 44.599266834000048, 41.204092981000088 ], [ 44.598195073999989, 41.201472883000179 ], [ 44.597515114000089, 41.199372183999969 ], [ 44.596336818999987, 41.197201709000069 ], [ 44.59604674600007, 41.195929138000054 ], [ 44.596595726000032, 41.195653727000092 ], [ 44.596644347000051, 41.195632966000062 ], [ 44.597339859000044, 41.195185385000059 ], [ 44.596746856000095, 41.194733295000105 ], [ 44.596264653000048, 41.193161785000143 ], [ 44.595075935000125, 41.192707596000105 ], [ 44.594184629000097, 41.193452740000112 ], [ 44.593978176000178, 41.194352043000038 ], [ 44.593777739000188, 41.195397883000055 ], [ 44.593763819000117, 41.195408300000111 ], [ 44.593275266000092, 41.195992641000032 ], [ 44.592778037000073, 41.19573971300008 ], [ 44.592384401000174, 41.195539477000068 ], [ 44.591404857000157, 41.194866216000037 ], [ 44.590804437000031, 41.195612365000045 ], [ 44.590500976000044, 41.196506084000191 ], [ 44.58930893400003, 41.196580330000074 ], [ 44.588125720000164, 41.196351097000047 ], [ 44.587343039000132, 41.195223258000055 ], [ 44.586250374000088, 41.194921072000113 ], [ 44.584957141000075, 41.195664699000076 ], [ 44.584662878000188, 41.19618691200003 ], [ 44.584850238000058, 41.197234134000041 ], [ 44.585235669000042, 41.198732083000039 ], [ 44.586118517000102, 41.200456827000096 ], [ 44.586803817000146, 41.201652350000188 ], [ 44.586795818999974, 41.202923874000078 ], [ 44.586692700000071, 41.203896790999977 ], [ 44.58629023400016, 41.205093639999973 ], [ 44.585882738, 41.205986971000073 ], [ 44.586277511999981, 41.207113426000149 ], [ 44.587262699000064, 41.20801175600019 ], [ 44.589233196000123, 41.20869382300009 ], [ 44.590516851000189, 41.209519932000092 ], [ 44.592291106000175, 41.210572771000102 ], [ 44.59444192300009, 41.211250154000084 ], [ 44.594469608000168, 41.211255484 ], [ 44.595059968000157, 41.212157589000128 ], [ 44.594257572000174, 41.213049560000115 ], [ 44.59410532000004, 41.213017627000056 ], [ 44.592479029, 41.212671756000134 ], [ 44.590797093000106, 41.212362295 ], [ 44.587931156000025, 41.211907294000127 ], [ 44.586051118000114, 41.211152273000096 ], [ 44.585659953000174, 41.210549103000119 ], [ 44.585270644, 41.209652907000191 ], [ 44.584379650000187, 41.209199680999973 ], [ 44.583482032000177, 41.209792968000158 ], [ 44.58350792300007, 41.210080861000051 ], [ 44.583578369000065, 41.210991609000132 ], [ 44.582674999000119, 41.212484896000149 ], [ 44.580788325000128, 41.212776308000059 ], [ 44.579005072000086, 41.213146559000052 ], [ 44.578121004000138, 41.212693310000134 ], [ 44.577231467000161, 41.212015027000064 ], [ 44.576245413000152, 41.211263124000084 ], [ 44.576250714000139, 41.210441607000064 ], [ 44.576747501000114, 41.209695155000134 ], [ 44.577545279000049, 41.209551568000052 ], [ 44.578731580000067, 41.209330907000037 ], [ 44.579722422000145, 41.209334527000124 ], [ 44.5809180440001, 41.208737122000173 ], [ 44.581001759, 41.208648470000128 ], [ 44.581517731000076, 41.208142772000031 ], [ 44.581322032000173, 41.207320524000011 ], [ 44.580827001000159, 41.20671696 ], [ 44.57944220100012, 41.206565395000155 ], [ 44.578051658999982, 41.207308587 ], [ 44.576862022000057, 41.208052502000044 ], [ 44.576171571000032, 41.207673206999971 ], [ 44.576272422000159, 41.207077048000144 ], [ 44.576673160000098, 41.206178493000152 ], [ 44.576678927000103, 41.205283719000192 ], [ 44.576291257000037, 41.204157257000077 ], [ 44.57510004300002, 41.204079610000122 ], [ 44.574701736, 41.204601413000034 ], [ 44.573508713000194, 41.20586855200014 ], [ 44.57230578500014, 41.207585657000038 ], [ 44.570938423000143, 41.207946861000096 ], [ 44.570917602000122, 41.207952016000036 ], [ 44.569628843000146, 41.207947207000132 ], [ 44.569105858000114, 41.20739581600003 ], [ 44.568844352000156, 41.207122735000098 ], [ 44.568359771000132, 41.206001118000131 ], [ 44.56836764500008, 41.204802854000093 ], [ 44.568568516000084, 41.203757062000079 ], [ 44.568477913000152, 41.202783435000072 ], [ 44.567586612000184, 41.202408569000113 ], [ 44.566399917000126, 41.202702372000033 ], [ 44.564908852000144, 41.20292175600008 ], [ 44.564024012000118, 41.20262014400015 ], [ 44.562602851, 41.202745573000129 ], [ 44.562436468000044, 41.202760639000132 ], [ 44.56240847600003, 41.202802395000049 ], [ 44.562037580000094, 41.203355654000063 ], [ 44.559952564000014, 41.204320992000191 ], [ 44.558860861000028, 41.203872033999971 ], [ 44.557681148000029, 41.203119230000027 ], [ 44.557592715000112, 41.201847338000164 ], [ 44.556504637000103, 41.200869866000119 ], [ 44.555722942000045, 41.199668559000088 ], [ 44.554351058000179, 41.197643426000127 ], [ 44.553271021000114, 41.19651943700012 ], [ 44.551098017000072, 41.195166176000157 ], [ 44.548840940000105, 41.192954377000035 ], [ 44.548641381000039, 41.19275998400019 ], [ 44.546671034000155, 41.191182425000136 ], [ 44.545086303000062, 41.190951169000186 ], [ 44.544194966000077, 41.191622667000161 ], [ 44.544189268000139, 41.19244418400018 ], [ 44.544576863000145, 41.19349226300011 ], [ 44.54478388400014, 41.193608202 ], [ 44.545957146000035, 41.194245994000028 ], [ 44.547534753000093, 41.195523756000057 ], [ 44.548318838000057, 41.196348372000102 ], [ 44.54811228900013, 41.197169100000167 ], [ 44.546728274000088, 41.196943887000089 ], [ 44.545844648000184, 41.196490391000054 ], [ 44.544857628000045, 41.195963222000046 ], [ 44.543569109000089, 41.19595812200015 ], [ 44.541681684000139, 41.196400641000082 ], [ 44.539995684000075, 41.196765443000061 ], [ 44.538120744000025, 41.197396332000096 ], [ 44.53800964300018, 41.197432515000173 ], [ 44.536228715000107, 41.197498615000143 ], [ 44.534246360000111, 41.197637132000125 ], [ 44.534442480000166, 41.198312946000101 ], [ 44.535621839000157, 41.199065988000086 ], [ 44.53569045200004, 41.199160453000161 ], [ 44.536410640000099, 41.20018896900018 ], [ 44.535605972000155, 41.201310762000162 ], [ 44.534418081000183, 41.20175598000003 ], [ 44.53354846100018, 41.202260035000108 ], [ 44.533520637000038, 41.202275621000126 ], [ 44.533561909000071, 41.202317650000168 ], [ 44.534015754000052, 41.202800897000088 ], [ 44.535194670000067, 41.203627199000096 ], [ 44.536979006000081, 41.204084401000046 ], [ 44.538658926000153, 41.204614415000037 ], [ 44.540629357000057, 41.205218822000063 ], [ 44.541421422000099, 41.205896999000117 ], [ 44.542204496000068, 41.206873401000053 ], [ 44.542098119000059, 41.208217786000034 ], [ 44.541788168999972, 41.209938117000149 ], [ 44.54197543000015, 41.210906914000134 ], [ 44.542269734000115, 41.211431356000162 ], [ 44.543456346000085, 41.212184345000026 ], [ 44.544146146000116, 41.212637091000033 ], [ 44.543844007000075, 41.213237656000047 ], [ 44.541860681000117, 41.213449557000104 ], [ 44.540287972000101, 41.213406660000032 ], [ 44.538992438000037, 41.213364852000097 ], [ 44.537305951000064, 41.213734844000157 ], [ 44.537596029000042, 41.214855809000085 ], [ 44.538680801000112, 41.215310173000034 ], [ 44.539684266999984, 41.215502566000055 ], [ 44.540265582000075, 41.215614775000176 ], [ 44.541351445000089, 41.215917370000113 ], [ 44.541047729000184, 41.216737695000177 ], [ 44.539959214000078, 41.21681184300013 ], [ 44.539383681000174, 41.216861869000184 ], [ 44.538371279000103, 41.216952004000063 ], [ 44.538270031000025, 41.217553359000192 ], [ 44.539430126000184, 41.218144068000129 ], [ 44.540044720000083, 41.218455255000038 ], [ 44.541725543000155, 41.218911969000146 ], [ 44.54301192700018, 41.219288603000052 ], [ 44.543404316000021, 41.219666915000062 ], [ 44.543396018000067, 41.220859939000036 ], [ 44.543982634000088, 41.222212302000116 ], [ 44.544565501000136, 41.223109401000158 ], [ 44.54605347200004, 41.223413540000195 ], [ 44.547238574000062, 41.223418206000076 ], [ 44.548622069000032, 41.223800392000044 ], [ 44.548615916000131, 41.224695160000181 ], [ 44.548214175, 41.225666867000029 ], [ 44.546530531000144, 41.225586992000103 ], [ 44.544655445999979, 41.2251295800001 ], [ 44.54277134299997, 41.224975599000061 ], [ 44.541382631000033, 41.225341598000057 ], [ 44.538904724000076, 41.225854973000139 ], [ 44.537311255000134, 41.226748606000115 ], [ 44.535723074000089, 41.226888729000052 ], [ 44.53355000800002, 41.226429935000112 ], [ 44.531776276000187, 41.22537619600007 ], [ 44.531283661000032, 41.224479400000121 ], [ 44.530597569000122, 41.22350332200017 ], [ 44.53039501000012, 41.222754220000184 ], [ 44.530307049000044, 41.222455597000078 ], [ 44.530414255000039, 41.221032739000123 ], [ 44.530918012000029, 41.220365006 ], [ 44.530927657000063, 41.219015007000166 ], [ 44.530937788000074, 41.217596985000057 ], [ 44.530052946000069, 41.216321829000094 ], [ 44.529475736999984, 41.214671168000166 ], [ 44.528778525000064, 41.214296795000052 ], [ 44.526705614000036, 41.213466757999981 ], [ 44.524034146000133, 41.213005735000138 ], [ 44.522161750000123, 41.212249703000111 ], [ 44.520881085000156, 41.211124581000092 ], [ 44.519995990000155, 41.209922604000042 ], [ 44.51881937800016, 41.208792660000142 ], [ 44.517342865000103, 41.206991660000028 ], [ 44.515279713000098, 41.204889907999984 ], [ 44.514700731000175, 41.203542661000029 ], [ 44.514513075000082, 41.20174704700014 ], [ 44.51373156, 41.200623947000111 ], [ 44.51294485000011, 41.199270580000132 ], [ 44.512357367000106, 41.198148292000155 ], [ 44.511574297000152, 41.197244945000136 ], [ 44.511976945000072, 41.196200107000152 ], [ 44.511494545000119, 41.19492650900014 ], [ 44.509617561000084, 41.193945245000123 ], [ 44.507843952000144, 41.193042883000089 ], [ 44.50636546700008, 41.192513283000096 ], [ 44.504485827000167, 41.191903447000129 ], [ 44.501421112000173, 41.19136694700012 ], [ 44.499741835000066, 41.190836393000097 ], [ 44.497861706000037, 41.190304938000111 ], [ 44.496186497000053, 41.189251076000119 ], [ 44.494910192000077, 41.188575696000044 ], [ 44.493424986000093, 41.188045900000077 ], [ 44.491148473000123, 41.187732366000034 ], [ 44.488777858000162, 41.187052078000079 ], [ 44.486807311000121, 41.186593299000037 ], [ 44.483243715000128, 41.186127350000106 ], [ 44.481070594000187, 41.185892572000057 ], [ 44.479980943000157, 41.185291126000038 ], [ 44.478897657000061, 41.184762956000043 ], [ 44.478210969000088, 41.184011567000141 ], [ 44.478219276000175, 41.18296505800015 ], [ 44.477331760000084, 41.182212752000055 ], [ 44.476451190000091, 41.181460471999969 ], [ 44.474767606000057, 41.181526065000185 ], [ 44.472787965000123, 41.181370503000096 ], [ 44.472380344000044, 41.181243051000195 ], [ 44.471302513000126, 41.180913679000128 ], [ 44.468831799000156, 41.180677303000095 ], [ 44.467243366000105, 41.180968233000044 ], [ 44.464862897000046, 41.181558961000064 ], [ 44.463867028000152, 41.182224119000182 ], [ 44.462873147000096, 41.18349104300006 ], [ 44.461872901999982, 41.184684669000035 ], [ 44.461663470000076, 41.185730236000154 ], [ 44.461457075000169, 41.18640429300001 ], [ 44.460265910000089, 41.187220255000057 ], [ 44.459062879000101, 41.188632680000126 ], [ 44.457471852000026, 41.190048498000181 ], [ 44.456082766000179, 41.190491960000145 ], [ 44.45399095700003, 41.19130360000014 ], [ 44.452205762, 41.191891653000027 ], [ 44.450036948000161, 41.191133037000156 ], [ 44.44835493800008, 41.190978477000158 ], [ 44.44726552200018, 41.191198260000135 ], [ 44.445576631000165, 41.191859931000067 ], [ 44.444182404000173, 41.19207821800012 ], [ 44.442500384000084, 41.191923571000189 ], [ 44.440716987000087, 41.192286448000118 ], [ 44.438035459000048, 41.193173422000143 ], [ 44.431972402000156, 41.195760037000184 ], [ 44.428292840000154, 41.197463393000078 ], [ 44.426408940000044, 41.198202304000176 ], [ 44.424226737000083, 41.198191414000178 ], [ 44.42224776200004, 41.198704774000191 ], [ 44.420752406000133, 41.199367050000092 ], [ 44.41767808100019, 41.19995330800009 ], [ 44.414701391000108, 41.200461489000133 ], [ 44.413210137000192, 41.201427184000011 ], [ 44.412108400000079, 41.202991378000149 ], [ 44.41080301500017, 41.204852783000035 ], [ 44.409496191000187, 41.206865913000172 ], [ 44.407898096000054, 41.208129255000074 ], [ 44.40670521300018, 41.209017907000032 ], [ 44.405208045000109, 41.20983695100017 ], [ 44.403518256000041, 41.210497996000015 ], [ 44.401928937000093, 41.211536293000052 ], [ 44.400532197000132, 41.212727318000134 ], [ 44.398430087000122, 41.214511171000026 ], [ 44.397137834000034, 41.215629443000182 ], [ 44.395245462000162, 41.216441053000153 ], [ 44.393756362000033, 41.217103008000151 ], [ 44.392157715, 41.218366125000102 ], [ 44.390660867000179, 41.219854763000171 ], [ 44.389758548000032, 41.220750008000095 ], [ 44.389444510000146, 41.220983814000078 ], [ 44.388858347000053, 41.221415018000016 ], [ 44.388406287000123, 41.221585296000114 ], [ 44.388065494999978, 41.221714303 ], [ 44.386384326000098, 41.221401861000118 ], [ 44.384501419000173, 41.221172039000123 ], [ 44.382620584000051, 41.221460234000062 ], [ 44.380627339000057, 41.222642582000162 ], [ 44.378839903000141, 41.223307971000054 ], [ 44.376857165000047, 41.223370515999989 ], [ 44.374970700000176, 41.22351203900007 ], [ 44.373574665000035, 41.224550990000182 ], [ 44.372479448000149, 41.225293301000193 ], [ 44.370992778000016, 41.22565671000018 ], [ 44.368513084000028, 41.225496622000094 ], [ 44.366828281000153, 41.225560628000039 ], [ 44.364945069000157, 41.226073526 ], [ 44.36355100500009, 41.226887360000035 ], [ 44.362548294000135, 41.228080097000031 ], [ 44.362114791000067, 41.229181791000087 ], [ 44.361936993000143, 41.229646514000081 ], [ 44.360639084000127, 41.230539335000117 ], [ 44.358947552000132, 41.231278203000159 ], [ 44.356765360000054, 41.231862558000103 ], [ 44.355281035000075, 41.231257732000131 ], [ 44.354656435000095, 41.230631545000108 ], [ 44.354004381000152, 41.229979037000135 ], [ 44.353029512000035, 41.228325271000074 ], [ 44.349867359000143, 41.227784193000048 ], [ 44.347100303000161, 41.227245269000093 ], [ 44.345817889000102, 41.226568207000184 ], [ 44.345233087000054, 41.225439858000186 ], [ 44.345247231000144, 41.224021882000102 ], [ 44.34547283500018, 41.221553339000025 ], [ 44.345294982000098, 41.219234250000056 ], [ 44.34600286400007, 41.217741724000064 ], [ 44.347213326000031, 41.215880523000124 ], [ 44.347717944000181, 41.214611839000156 ], [ 44.347732810000025, 41.21311537400004 ], [ 44.346557618000134, 41.212135431999968 ], [ 44.346408565000104, 41.211794461000125 ], [ 44.345975117000137, 41.210787323000091 ], [ 44.345692086000099, 41.209289165000143 ], [ 44.345757259000038, 41.209006970000132 ], [ 44.346003462999988, 41.207940899000107 ], [ 44.347213741000132, 41.206079694000039 ], [ 44.347421823000104, 41.204662812000038 ], [ 44.347341205000191, 41.203014055000153 ], [ 44.34665511500009, 41.202335147000099 ], [ 44.345267279000041, 41.202552271000116 ], [ 44.342784810000069, 41.202763136000101 ], [ 44.339712708000093, 41.203043827000101 ], [ 44.337828408000121, 41.203708026000072 ], [ 44.336234313000148, 41.204447124000126 ], [ 44.335039648000134, 41.204738496000118 ], [ 44.333856412000102, 41.204585142000042 ], [ 44.33207741200016, 41.204423089000045 ], [ 44.330792558999974, 41.204044109000108 ], [ 44.328515507000077, 41.203805848 ], [ 44.326633435000133, 41.204239638000047 ], [ 44.325533416000155, 41.204756470000177 ], [ 44.324038614000131, 41.205930294000098 ], [ 44.323210668000172, 41.206935341000076 ], [ 44.322158121000029, 41.208216393000157 ], [ 44.321026397000026, 41.209779532000084 ], [ 44.319974899000044, 41.210950683000078 ], [ 44.31937088400008, 41.211732018000191 ], [ 44.318595042000027, 41.212376283000083 ], [ 44.317952032000107, 41.212906209999971 ], [ 44.316529795000122, 41.213735007000082 ], [ 44.315717015000189, 41.213929022000059 ], [ 44.312563736000129, 41.214621886000032 ], [ 44.307367467000176, 41.215187275000176 ], [ 44.304535892999979, 41.214934738000125 ], [ 44.297616171000129, 41.214652036000189 ], [ 44.296455879000064, 41.21428913 ], [ 44.293375726000022, 41.213317923000034 ], [ 44.289936126000043, 41.211632772000144 ], [ 44.288378697000041, 41.210199868000075 ], [ 44.287142207000045, 41.207931701000064 ], [ 44.283655945000078, 41.209929883000029 ], [ 44.280813008000109, 41.210744160000161 ], [ 44.27844809000004, 41.211561362000111 ], [ 44.276080108000031, 41.212022674000082 ], [ 44.273402897000096, 41.212246516000107 ], [ 44.272291982000127, 41.213071497000101 ], [ 44.270074082000122, 41.214360397000121 ], [ 44.268489222000085, 41.215423039000143 ], [ 44.267054457000086, 41.217313377000039 ], [ 44.265623272000084, 41.218256605000079 ], [ 44.262447878000103, 41.220852646000026 ], [ 44.260539753000046, 41.222902080000154 ], [ 44.259262903999968, 41.224275298000066 ], [ 44.252571703000115, 41.231243828000061 ], [ 44.250655137000194, 41.233371528000077 ], [ 44.250349033000077, 41.233468956000138 ], [ 44.249549024000032, 41.233720145000063 ], [ 44.247346305000121, 41.233585417000086 ], [ 44.246236023000108, 41.234295028000076 ], [ 44.245911852, 41.235360367000055 ], [ 44.245266057000151, 41.236664299000097 ], [ 44.243369673000075, 41.237007673000107 ], [ 44.241168282000103, 41.237349007000091 ], [ 44.240368458000034, 41.23817572400003 ], [ 44.238465081000186, 41.239115494000146 ], [ 44.237365742000065, 41.238867516000084 ], [ 44.235803287000067, 41.237910046000081 ], [ 44.234085670000127, 41.236590471000056 ], [ 44.232675824000182, 41.236225264000097 ], [ 44.230154150000089, 41.236684603000185 ], [ 44.228415698000106, 41.237149137000074 ], [ 44.226687088000119, 41.236776488000089 ], [ 44.225589192000029, 41.236413288000051 ], [ 44.224811626000189, 41.235340595000025 ], [ 44.223406071000113, 41.234619483000017 ], [ 44.221204812000167, 41.234363914000141 ], [ 44.219480488000158, 41.233640597000033 ], [ 44.217599479, 41.233272011000111 ], [ 44.215547893000121, 41.23325805200011 ], [ 44.213503240000136, 41.233244104 ], [ 44.211925625000049, 41.233589137000024 ], [ 44.210339429999976, 41.234645730000182 ], [ 44.208597993000069, 41.235350647000132 ], [ 44.206392468000104, 41.235450585000081 ], [ 44.203709769000113, 41.236028585000099 ], [ 44.20070937700018, 41.237075256000082 ], [ 44.198641704000067, 41.238369045000127 ], [ 44.195005915000081, 41.239772195000057 ], [ 44.19294208000008, 41.24130137700007 ], [ 44.191203250000115, 41.24176534500009 ], [ 44.188988625000093, 41.242581757000153 ], [ 44.184232494000128, 41.245399945000088 ], [ 44.182454418000077, 41.246773981000104 ], [ 44.180732251000165, 41.248106526000129 ], [ 44.179315533000192, 41.247740617000147 ], [ 44.179430001000071, 41.246349553000186 ], [ 44.179503258000182, 41.245481458000029 ], [ 44.179844386000127, 41.243704792000074 ], [ 44.181133253000098, 41.24097729600004 ], [ 44.182731930000159, 41.238968856000099 ], [ 44.18418094600014, 41.236723863000066 ], [ 44.184371393000163, 41.234229241000094 ], [ 44.183919764, 41.232085888000086 ], [ 44.182731604000139, 41.229534394000041 ], [ 44.182697863000101, 41.229460897000081 ], [ 44.182637704000172, 41.229282560000172 ], [ 44.181483874999969, 41.225653369000156 ], [ 44.179655828000193, 41.220528056000035 ], [ 44.178295756000068, 41.216238044000136 ], [ 44.177392065, 41.213144321000073 ], [ 44.176156355000103, 41.211115679000102 ], [ 44.175398781000126, 41.209090448000097 ], [ 44.171859145000155, 41.202409092000096 ], [ 44.171722304000127, 41.200623766000149 ], [ 44.169407503000173, 41.197399464 ], [ 44.165835881000078, 41.193334022000101 ], [ 44.164141408000091, 41.190940867000052 ], [ 44.162738079000064, 41.189627735000101 ], [ 44.160226897000143, 41.189368748000106 ], [ 44.157869587000107, 41.188995712000121 ], [ 44.155512306000048, 41.188622628000189 ], [ 44.154097809000177, 41.188732599000105 ], [ 44.151577444000054, 41.189190233000147 ], [ 44.150313819000075, 41.189416388000097 ], [ 44.149525779000044, 41.1892902190001 ], [ 44.147020778000183, 41.18856004800017 ], [ 44.144192599, 41.188183244000072 ], [ 44.140739599000142, 41.187916830000063 ], [ 44.138690978, 41.187786408000079 ], [ 44.136649361000138, 41.187650769000129 ], [ 44.132879344, 41.187266623000141 ], [ 44.130676867000147, 41.1872500180001 ], [ 44.128321408000033, 41.186756040000091 ], [ 44.125654319000034, 41.186259649000135 ], [ 44.123296299000174, 41.186482426 ], [ 44.116673005000166, 41.187619633000054 ], [ 44.111624978000179, 41.188527917000044 ], [ 44.106419078000044, 41.189319636000107 ], [ 44.10585063100018, 41.189351853 ], [ 44.102488639000171, 41.189529774999983 ], [ 44.097454938000169, 41.189370084000188 ], [ 44.096818448000079, 41.18931276700016 ], [ 44.09321409800009, 41.188980948000165 ], [ 44.091157377000172, 41.189440909000098 ], [ 44.090353354000172, 41.190978197000106 ], [ 44.090001847000167, 41.19335105100015 ], [ 44.089942202000088, 41.194156410000119 ], [ 44.089624254000057, 41.198104557000192 ], [ 44.089725942000143, 41.202265324000109 ], [ 44.089238077000175, 41.202973108000037 ], [ 44.086418237000089, 41.202474600000187 ], [ 44.085339924000152, 41.200802055000111 ], [ 44.083929737000119, 41.200079205000122 ], [ 44.081426764000014, 41.199227274000066 ], [ 44.08002170900005, 41.198143363000042 ], [ 44.077684793000117, 41.196821737999983 ], [ 44.075170092000178, 41.19632539800017 ], [ 44.073458729000038, 41.195359298000142 ], [ 44.071884451000187, 41.194990800000028 ], [ 44.068592372000182, 41.1946084 ], [ 44.066238851000037, 41.193992818000083 ], [ 44.062002998000139, 41.193246753000039 ], [ 44.059966369000108, 41.192277802000092 ], [ 44.058556753, 41.192030817000159 ], [ 44.056367835000117, 41.191060558000117 ], [ 44.052276139000128, 41.190906607000045 ], [ 44.050710681000112, 41.190422774000069 ], [ 44.048670935000075, 41.190165240000113 ], [ 44.045370571000035, 41.189902460000042 ], [ 44.04129285300013, 41.1892720620001 ], [ 44.039246180000191, 41.18901953600016 ], [ 44.035168579000015, 41.188388923000105 ], [ 44.032656150000093, 41.188252729000055 ], [ 44.027922138000065, 41.188924508000127 ], [ 44.025248702000056, 41.188901910000027 ], [ 44.022901096000112, 41.187929673000099 ], [ 44.021498810000082, 41.187206125000102 ], [ 44.019457493000061, 41.187068412000031 ], [ 44.015532502999974, 41.186443635999979 ], [ 44.01005525000005, 41.184491997000066 ], [ 44.005523727000025, 41.182312799000101 ], [ 44.003031443000054, 41.180867967999973 ], [ 44.000354775000062, 41.181080235000081 ], [ 43.997522403, 41.181055615000162 ], [ 43.99470819700008, 41.179843271000038 ], [ 43.992056977000061, 41.178396815000099 ], [ 43.988777660999972, 41.176819201000114 ], [ 43.986128550999979, 41.175252276000037 ], [ 43.98376544600012, 41.175351799 ], [ 43.980006380000134, 41.174366225000028 ], [ 43.978447473000074, 41.173520414999984 ], [ 43.977214525000193, 41.172201307000137 ], [ 43.97614128500004, 41.170412666000175 ], [ 43.974734846999979, 41.169568162000132 ], [ 43.972536823000041, 41.169307871000171 ], [ 43.968615256000191, 41.168561178000118 ], [ 43.967658418000042, 41.167757240000185 ], [ 43.966756251000106, 41.16700088000016 ], [ 43.964745589000188, 41.164963016000115 ], [ 43.960177485000088, 41.165277685000149 ], [ 43.959282963000135, 41.165358561000062 ], [ 43.955455114000017, 41.16571112600019 ], [ 43.951974490000168, 41.166867320000108 ], [ 43.9499169340001, 41.167795689000116 ], [ 43.950038848000077, 41.169701488000157 ], [ 43.95156509300017, 41.172567189000176 ], [ 43.951282699000046, 41.174207671000033 ], [ 43.948961691000193, 41.175138855000171 ], [ 43.945590698000103, 41.175898172000188 ], [ 43.942231605000075, 41.176343540000119 ], [ 43.939080963000151, 41.176314559000105 ], [ 43.935737222000171, 41.175807537000082 ], [ 43.931986531000064, 41.174349536000136 ], [ 43.928428299000188, 41.173840312000095 ], [ 43.925077849000047, 41.173332919000131 ], [ 43.922579991000191, 41.172357236000153 ], [ 43.919859745000167, 41.171855585000117 ], [ 43.915862767000192, 41.172770370000194 ], [ 43.913972500000057, 41.172752561000095 ], [ 43.912104912000075, 41.171782593000103 ], [ 43.908153557000048, 41.16952655800003 ], [ 43.905253837000089, 41.167756560000157 ], [ 43.901060819000122, 41.167559648000179 ], [ 43.897079825000048, 41.167521593000174 ], [ 43.892283521000024, 41.165733091000163 ], [ 43.888313350000089, 41.165061687 ], [ 43.881406373000118, 41.16404247000014 ], [ 43.874298854000131, 41.163020878000168 ], [ 43.866330572000038, 41.162942720000103 ], [ 43.861084412000082, 41.163210152000033 ], [ 43.855843766000078, 41.163158209000073 ], [ 43.853757159000054, 41.162504312000067 ], [ 43.849168710000072, 41.161192255000117 ], [ 43.845407055000123, 41.160516224000048 ], [ 43.841419641000073, 41.160476182000139 ], [ 43.837649608000163, 41.16028121700009 ], [ 43.833702812000126, 41.158341870000129 ], [ 43.828917431000036, 41.156074673000035 ], [ 43.824749381000117, 41.154922898 ], [ 43.819762636000064, 41.152334075000113 ], [ 43.811228879000168, 41.148761374 ], [ 43.805197977000148, 41.146166372000096 ], [ 43.799392640000065, 41.142615832000104 ], [ 43.796296992000066, 41.140050923000047 ], [ 43.794021565000037, 41.138441630000045 ], [ 43.790074501000106, 41.136657766000098 ], [ 43.786349903000144, 41.134080748000031 ], [ 43.781169294000051, 41.130541102000052 ], [ 43.778876912000101, 41.129883673000109 ], [ 43.777451220000046, 41.127649906000102 ], [ 43.774752699000146, 41.126511912000126 ], [ 43.768128291000039, 41.122166183000161 ], [ 43.763365709000027, 41.118944165000187 ], [ 43.756146307000051, 41.11284365 ], [ 43.755580861000169, 41.112377069000047 ], [ 43.753741188999982, 41.110876339000072 ], [ 43.752024323000057, 41.109471098000029 ], [ 43.74548405500019, 41.111775685000055 ], [ 43.73851606900007, 41.114713599000083 ], [ 43.731974821999984, 41.117017402000045 ], [ 43.725005796000175, 41.119949248000125 ], [ 43.719300578000116, 41.122266809000166 ], [ 43.71383119799998, 41.123472168000148 ], [ 43.706035229000065, 41.125446514000089 ], [ 43.700347781000175, 41.126805758999978 ], [ 43.69486826300016, 41.128486268000017 ], [ 43.689787789000093, 41.130966413000181 ], [ 43.687033852000184, 41.132677517000161 ], [ 43.685116478000168, 41.134078918000057 ], [ 43.683228019000182, 41.134376534000126 ], [ 43.67966137000019, 41.134492683000076 ], [ 43.679474230000153, 41.13450623600005 ], [ 43.675883866000106, 41.134768508999969 ], [ 43.672521607000192, 41.135043765000034 ], [ 43.668316075, 41.135947554000097 ], [ 43.664547660000039, 41.135427755000194 ], [ 43.659533812000177, 41.134893346000126 ], [ 43.654516339000054, 41.134201698000084 ], [ 43.649716318, 41.133036213000025 ], [ 43.64347282500006, 41.131063414000096 ], [ 43.636788069000147, 41.130032158000063 ], [ 43.630934062000108, 41.12932958 ], [ 43.627535373000171, 41.129697276000059 ], [ 43.625683365000043, 41.129900196000165 ], [ 43.62128301700011, 41.129847608000034 ], [ 43.617492298000116, 41.130754505000027 ], [ 43.614545385000099, 41.131352241000116 ], [ 43.61058368200014, 41.13051439700007 ], [ 43.60643461300009, 41.129705546000025 ], [ 43.605366312000058, 41.129499009000085 ], [ 43.601183701000139, 41.128972122999983 ], [ 43.598444292000067, 41.129571967000061 ], [ 43.596511791000125, 41.131924034000065 ], [ 43.596236519000058, 41.134772443000145 ], [ 43.595789792000176, 41.13689666200014 ], [ 43.595542813000066, 41.138091914000086 ], [ 43.593734888000142, 41.138807649000057 ], [ 43.593211332000124, 41.139015792000123 ], [ 43.587728196000171, 41.14069114 ], [ 43.577189998000051, 41.143413195999983 ], [ 43.574522731000059, 41.144159869000077 ], [ 43.569598932000076, 41.14553778100003 ], [ 43.560388081000099, 41.144789875000129 ], [ 43.557052602000113, 41.144114994000176 ], [ 43.552415280000105, 41.142837612000164 ], [ 43.546216479000122, 41.141126972 ], [ 43.537893055000154, 41.138483812000175 ], [ 43.536250192000182, 41.137039685000161 ], [ 43.533137241000134, 41.135414612000091 ], [ 43.530027861000065, 41.133946477000165 ], [ 43.52604584900007, 41.134057797000139 ], [ 43.517241458000171, 41.134101765000082 ], [ 43.517227620000085, 41.134101587000032 ], [ 43.50926703500005, 41.134474991000047 ], [ 43.506598211000039, 41.132221810000033 ], [ 43.504680143000144, 41.130438782000112 ], [ 43.503311027000166, 41.12917041500009 ], [ 43.49873597300018, 41.127682383000035 ], [ 43.494357786000194, 41.126672906000124 ], [ 43.491653761, 41.125690433000102 ], [ 43.488083817000074, 41.125957581000137 ], [ 43.487743997000166, 41.125989748000052 ], [ 43.483257960000174, 41.126370296000118 ], [ 43.481655477000174, 41.125941043000012 ], [ 43.480135426000118, 41.125539018000097 ], [ 43.474942683000052, 41.123565727000141 ], [ 43.473076112000058, 41.122593903000052 ], [ 43.469942955000079, 41.122233139 ], [ 43.464510380000092, 41.121370728000159 ], [ 43.463343452000174, 41.120967956000072 ], [ 43.460151220000057, 41.119884044000059 ], [ 43.459595882000087, 41.116705686000159 ], [ 43.458626025000058, 41.113207823000039 ], [ 43.458200505000036, 41.111878289000174 ], [ 43.457652040000028, 41.110186059000114 ], [ 43.456778717000134, 41.109368546000098 ], [ 43.454666646000078, 41.107388482000033 ], [ 43.451894099000128, 41.104080896000085 ], [ 43.449440049000088, 41.100772298000095 ], [ 43.448122179000109, 41.098279544000036 ], [ 43.44887675700005, 41.093255967000175 ], [ 43.449575467000102, 41.090308964000144 ], [ 43.450578288000031, 41.088250353000092 ], [ 43.452920131000099, 41.087481241000035 ], [ 43.455097462000026, 41.086647085000095 ], [ 43.456535159000055, 41.086090771000102 ], [ 43.459052621000183, 41.082534915000053 ], [ 43.459123395000177, 41.082169581000187 ], [ 43.460245094000186, 41.076481049000051 ], [ 43.460511633000124, 41.074245058000088 ], [ 43.465835955000102, 41.072160251000128 ], [ 43.469140649000167, 41.070686755000111 ], [ 43.472558078000191, 41.068816979000076 ], [ 43.472644887000172, 41.065066348000187 ], [ 43.472313854000049, 41.061147964000156 ], [ 43.471086, 41.055061841000111 ], [ 43.470398285000101, 41.048344491000137 ], [ 43.469967885000187, 41.03947470200012 ], [ 43.469722148000017, 41.031884117000118 ], [ 43.471573660000104, 41.029512141000168 ], [ 43.474266408000176, 41.02691057300018 ], [ 43.477282101000185, 41.02407774 ], [ 43.483850161000078, 41.018172955000068 ], [ 43.486101941000015, 41.016685089000021 ], [ 43.490738008, 41.016667410000082 ], [ 43.494638412000143, 41.016796916000146 ], [ 43.497393037000052, 41.016272972000138 ], [ 43.500265575000071, 41.015117344000089 ], [ 43.503563087000089, 41.01379971700004 ], [ 43.507285286000126, 41.01233051700018 ], [ 43.508659605000048, 41.012348311000039 ], [ 43.511485148000133, 41.013263929000118 ], [ 43.516090591000079, 41.014600095 ], [ 43.519998092000037, 41.014409641000043 ], [ 43.523923326000045, 41.013423915000033 ], [ 43.527232651000077, 41.011551096000062 ], [ 43.532994202000111, 41.008427416000075 ], [ 43.538124963000143, 41.005379166000125 ], [ 43.542628851000131, 41.00191984300011 ], [ 43.545194680000066, 41.000199309000038 ], [ 43.546465303000105, 40.999896147000186 ], [ 43.552302296000164, 40.997970726000119 ], [ 43.554657157000065, 40.996404309000127 ], [ 43.557331337000164, 40.994758117000174 ], [ 43.561451543000032, 40.994254951000073 ], [ 43.565171397000142, 40.992783837000047 ], [ 43.567896880000148, 40.993534614999987 ], [ 43.569895750000114, 40.993716416000041 ], [ 43.572850803000108, 40.993433850000088 ], [ 43.576532555000085, 40.993720085000064 ], [ 43.577599655000085, 40.993555347000097 ], [ 43.579387388000157, 40.993279132000112 ], [ 43.579540241000075, 40.992914727000027 ], [ 43.580284665000022, 40.991050589000167 ], [ 43.582409253000151, 40.990197644000034 ], [ 43.58444723600013, 40.988548224000169 ], [ 43.585637834000011, 40.987123843000177 ], [ 43.589343164000184, 40.986290156000052 ], [ 43.59366986200007, 40.986107557000082 ], [ 43.598672288000103, 40.983688175000111 ], [ 43.609558410000034, 40.977273869000157 ], [ 43.636338325000054, 40.960979832000191 ], [ 43.646370322000109, 40.954792595000072 ], [ 43.655767358000105, 40.948513344000048 ], [ 43.664303196000105, 40.943102446000182 ], [ 43.671130316000074, 40.938869531000137 ], [ 43.673711327000035, 40.936099711000111 ], [ 43.675887094000188, 40.932535028000132 ], [ 43.676900787000136, 40.930835542000182 ], [ 43.677307650000159, 40.930154715000072 ], [ 43.677131223, 40.930006173000038 ], [ 43.675855387000126, 40.928939735000085 ], [ 43.673391440000103, 40.925876390000042 ], [ 43.673342284000114, 40.923160003000078 ], [ 43.675262451000094, 40.921664569000143 ], [ 43.673809355000174, 40.920847246000108 ], [ 43.672996072000103, 40.919084901000076 ], [ 43.672418076000042, 40.91659789900018 ], [ 43.671316957000158, 40.913712406000059 ], [ 43.671677336000073, 40.91156064200004 ], [ 43.673597715000028, 40.910384436000072 ], [ 43.676239389000102, 40.90969789899998 ], [ 43.678361820000134, 40.90875940900014 ], [ 43.679561541, 40.90670096000008 ], [ 43.680850477000092, 40.905355181000061 ], [ 43.681423598000151, 40.904974508000066 ], [ 43.683094034000192, 40.90386330900003 ], [ 43.681448046000071, 40.902007780000076 ], [ 43.680634977000182, 40.901276351000035 ], [ 43.6793746620001, 40.900147333000064 ], [ 43.677633367000169, 40.897892963000061 ], [ 43.678093735000061, 40.895899304000068 ], [ 43.677503935000118, 40.893658125000172 ], [ 43.676411510000094, 40.890689045000158 ], [ 43.675106513000173, 40.887319816000172 ], [ 43.67560505400013, 40.883411384999988 ], [ 43.676611973000036, 40.880628612000066 ], [ 43.677391887000113, 40.878162427 ], [ 43.677436356000158, 40.875928515000112 ], [ 43.67620849900004, 40.874234685000147 ], [ 43.675837383999976, 40.87175529100017 ], [ 43.677034921000029, 40.869775321000077 ], [ 43.678968330000032, 40.867877029000056 ], [ 43.681739060000154, 40.866155728000194 ], [ 43.682082473000037, 40.864479908000078 ], [ 43.68213308900016, 40.861926855000149 ], [ 43.68197708100007, 40.859366206000118 ], [ 43.681612146000134, 40.85656769000019 ], [ 43.680696145000127, 40.854798975000165 ], [ 43.680119809000189, 40.852238745000022 ], [ 43.679225029000065, 40.84975335900009 ], [ 43.678323424000155, 40.847267886000054 ], [ 43.678557682000189, 40.84622923000012 ], [ 43.679525309000041, 40.845041986000126 ], [ 43.680811356000163, 40.843779882000149 ], [ 43.682310913000151, 40.842520202000173 ], [ 43.683378541000025, 40.841496286 ], [ 43.684141005000015, 40.840222933000064 ], [ 43.686393202000147, 40.8381763860001 ], [ 43.688108668000154, 40.836437663000083 ], [ 43.689806739000062, 40.835577840000042 ], [ 43.692035157000191, 40.834724006000101 ], [ 43.693632893000085, 40.833706002000099 ], [ 43.694388181000193, 40.832432497000127 ], [ 43.695370003999983, 40.8308475770001 ], [ 43.696229073000097, 40.829899672000067 ], [ 43.697506727000132, 40.829034981000063 ], [ 43.698875183000041, 40.828809712000123 ], [ 43.700789499000166, 40.827795177000155 ], [ 43.701545140000064, 40.82684606600003 ], [ 43.70199639000009, 40.825255113000139 ], [ 43.703698684000074, 40.824154417000159 ], [ 43.705305349000071, 40.822654921000094 ], [ 43.705857413000047, 40.821541277000165 ], [ 43.706807115000117, 40.821232720000125 ], [ 43.707450883000092, 40.820360809000192 ], [ 43.708120098000165, 40.818531558000075 ], [ 43.70836606000006, 40.81685978500002 ], [ 43.709025284000063, 40.815187402000106 ], [ 43.710423406000132, 40.813769225000101 ], [ 43.711910282000019, 40.812744488000135 ], [ 43.711934973000041, 40.81146793500011 ], [ 43.712721109000086, 40.808923051000079 ], [ 43.713811684000177, 40.807014737000088 ], [ 43.714685523000071, 40.805271451000067 ], [ 43.716595894000136, 40.804413590000081 ], [ 43.717123799000035, 40.804178747000094 ], [ 43.717565346000072, 40.803063813000051 ], [ 43.717625123000118, 40.80246269200012 ], [ 43.71769470400011, 40.801709925000125 ], [ 43.718562331000044, 40.800280514000065 ], [ 43.718914339000037, 40.798447669000041 ], [ 43.719472856000152, 40.796617114000185 ], [ 43.719815570000094, 40.795265591000145 ], [ 43.720684571000106, 40.793757682000034 ], [ 43.721965825000098, 40.792652036 ], [ 43.723457327000062, 40.791710923000039 ], [ 43.723790816000189, 40.790835481000101 ], [ 43.723067988000082, 40.79011057200006 ], [ 43.722987689000092, 40.788911343000052 ], [ 43.723637036000071, 40.787720187000048 ], [ 43.724707018000117, 40.786852887000066 ], [ 43.725663840000095, 40.786141314000076 ], [ 43.725792992000095, 40.784787411000082 ], [ 43.724860711000133, 40.784217187000138 ], [ 43.724677140000153, 40.783016817000089 ], [ 43.724704564000092, 40.781583296000065 ], [ 43.72472137699998, 40.780704347999972 ], [ 43.725382812000078, 40.778874896000161 ], [ 43.725820843000179, 40.777927338999973 ], [ 43.72604349500017, 40.77744313400018 ], [ 43.727110990000085, 40.776335067000048 ], [ 43.727545984000187, 40.775544457000194 ], [ 43.727987155000051, 40.774429472000065 ], [ 43.728538422000099, 40.77331569800009 ], [ 43.729715819000035, 40.772214049000127 ], [ 43.730173666000042, 40.770220102999986 ], [ 43.730628397000089, 40.768388342000037 ], [ 43.730618517000153, 40.768184148000046 ], [ 43.730553244000134, 40.766550750000079 ], [ 43.73089257800018, 40.76535613599998 ], [ 43.731963276000101, 40.764064902000086 ], [ 43.732075958000053, 40.763930084000151 ], [ 43.73210777800017, 40.76225588799997 ], [ 43.733583354000075, 40.762109870000188 ], [ 43.734749849000025, 40.761567973000183 ], [ 43.735925544000054, 40.760539500000107 ], [ 43.736369443000115, 40.75926751999998 ], [ 43.737015180000128, 40.758238464000101 ], [ 43.737774051000144, 40.757048419000171 ], [ 43.737795230000188, 40.755928797000081 ], [ 43.737913573000128, 40.755129448000105 ], [ 43.738248161000115, 40.754175475000125 ], [ 43.738301169000067, 40.753919639000117 ], [ 43.738361945000122, 40.753616792000173 ], [ 43.738698003000025, 40.752584339000123 ], [ 43.739031083000043, 40.751708841000152 ], [ 43.739153851000083, 40.750674055000161 ], [ 43.740223028000173, 40.74980659300013 ], [ 43.74160175500009, 40.74894249700003 ], [ 43.741312431000154, 40.747500275000107 ], [ 43.741552817000127, 40.746063830000139 ], [ 43.742414826000129, 40.74523071800013 ], [ 43.743262858000151, 40.744407914000078 ], [ 43.743085055000108, 40.742888415000039 ], [ 43.743625867000105, 40.741936670000086 ], [ 43.744896681000057, 40.74131207400012 ], [ 43.745238667000137, 40.739955219000194 ], [ 43.745361312000057, 40.738920423000025 ], [ 43.745800455000051, 40.737883833000069 ], [ 43.746033139000133, 40.736850232000052 ], [ 43.746781091, 40.736219933000029 ], [ 43.746796114000119, 40.735419449000062 ], [ 43.747354770000129, 40.733510243000183 ], [ 43.747546557000135, 40.733187879000184 ], [ 43.748220843000126, 40.732080569 ], [ 43.748238789000027, 40.731123127000046 ], [ 43.748168574000147, 40.729364082000075 ], [ 43.748206717000187, 40.727328863000139 ], [ 43.74820740399997, 40.727292239000121 ], [ 43.747601672000144, 40.725846596000167 ], [ 43.74715102000016, 40.72566901600004 ], [ 43.745102636000126, 40.724861813000132 ], [ 43.74365201400019, 40.723726171000123 ], [ 43.742639814000142, 40.721956863000116 ], [ 43.74139707300003, 40.720744963000016 ], [ 43.739738730000056, 40.719690734000096 ], [ 43.738720669000145, 40.718240540000011 ], [ 43.738945028000103, 40.717285353000136 ], [ 43.739801983000064, 40.716337075000183 ], [ 43.740134857000044, 40.715461565000055 ], [ 43.739730516000122, 40.714656502000139 ], [ 43.738903697000183, 40.714009046000058 ], [ 43.737120419000064, 40.713754063000181 ], [ 43.73640671600009, 40.712945603000037 ], [ 43.736735707000037, 40.711913070000151 ], [ 43.737274227000171, 40.711437527000157 ], [ 43.738105543000188, 40.711844326000175 ], [ 43.738632536000182, 40.711614602000168 ], [ 43.740517319999981, 40.711954397000113 ], [ 43.741570007000178, 40.711562938000156 ], [ 43.743059399000117, 40.710621528000047 ], [ 43.743185815000061, 40.710481613000127 ], [ 43.744238475000145, 40.709357509000029 ], [ 43.744587763000084, 40.707603019000146 ], [ 43.744391142000097, 40.706721735000087 ], [ 43.743819136000184, 40.706422463000195 ], [ 43.742831691999982, 40.705909344000077 ], [ 43.74264345000006, 40.704949652999971 ], [ 43.744069515000035, 40.704808188000072 ], [ 43.74411086300006, 40.704803405000121 ], [ 43.745570123, 40.705457700000181 ], [ 43.746414859000083, 40.705147664000094 ], [ 43.74666241400007, 40.703313566000077 ], [ 43.746690859000182, 40.701796302000105 ], [ 43.746677698000099, 40.701764761000106 ], [ 43.746183981000172, 40.700592438000172 ], [ 43.746210962000191, 40.69915365200012 ], [ 43.745306580000147, 40.69715004699998 ], [ 43.743774467000094, 40.694893653000179 ], [ 43.742952273000128, 40.694010788000071 ], [ 43.742233305000127, 40.693123809000099 ], [ 43.742563072000166, 40.692405246000078 ], [ 43.743312023000044, 40.69169647800004 ], [ 43.742578025000057, 40.691609990000188 ], [ 43.741524890000051, 40.691677008000056 ], [ 43.740280526000106, 40.690946512000153 ], [ 43.740186490000156, 40.690464048000024 ], [ 43.740516166000077, 40.689750722000156 ], [ 43.741881624000087, 40.689524893000055 ], [ 43.74272922300014, 40.689052690000153 ], [ 43.743694250000146, 40.688184049000142 ], [ 43.743587227000091, 40.688025893000031 ], [ 43.742235382000047, 40.687529734000066 ], [ 43.742250335000108, 40.686734477000073 ], [ 43.743406487000073, 40.686668573000134 ], [ 43.744234591000179, 40.68723228500005 ], [ 43.745179155000187, 40.687085566000121 ], [ 43.74581893800007, 40.686694809000187 ], [ 43.745838459000026, 40.685653649000187 ], [ 43.746062596000172, 40.684698440000147 ], [ 43.746588867000128, 40.68486114600006 ], [ 43.747533393000083, 40.684714407000115 ], [ 43.748489954000092, 40.683924129000104 ], [ 43.748507865000079, 40.682966679000117 ], [ 43.749267112000098, 40.681698048000044 ], [ 43.749351832000173, 40.681578606000073 ], [ 43.750348422000059, 40.680113684000048 ], [ 43.750997644000108, 40.678843850000135 ], [ 43.751233045000163, 40.677648033000025 ], [ 43.751256967000188, 40.676366198000096 ], [ 43.750330350000127, 40.675560750000102 ], [ 43.748024410000141, 40.675373541000113 ], [ 43.746550780000064, 40.675519774000065 ], [ 43.745695928000032, 40.676389639000035 ], [ 43.744994494000082, 40.676774493000039 ], [ 43.74456381300007, 40.677015763000099 ], [ 43.74107278800011, 40.675151417000052 ], [ 43.741537057000073, 40.674586078000061 ], [ 43.742899154000099, 40.674522423000042 ], [ 43.743215258000134, 40.674525865000192 ], [ 43.743433399000139, 40.673889809000116 ], [ 43.743449902000179, 40.673010839000028 ], [ 43.743935731000136, 40.672759707000068 ], [ 43.744511771000191, 40.672462457000165 ], [ 43.744622304000188, 40.672065948000125 ], [ 43.744740391000107, 40.671266578000029 ], [ 43.745074433000013, 40.670312563000095 ], [ 43.743202777000079, 40.669334557000184 ], [ 43.74311404000008, 40.669302193000135 ], [ 43.741017545000091, 40.668588588000148 ], [ 43.738505641000074, 40.66840417700007 ], [ 43.737151898000093, 40.66766721700003 ], [ 43.735910986000079, 40.666779719000147 ], [ 43.735860689999981, 40.664712118000068 ], [ 43.73585169100005, 40.664460834000067 ], [ 43.736187303000122, 40.663428366000062 ], [ 43.735556783000163, 40.663337733000105 ], [ 43.734805011000162, 40.664208648000169 ], [ 43.734488113000054, 40.66461335200006 ], [ 43.733734927000057, 40.665557506000027 ], [ 43.732464642000025, 40.665862782000033 ], [ 43.731208853000112, 40.665765259000068 ], [ 43.730801830000132, 40.665122355000165 ], [ 43.730081738000024, 40.664319014000057 ], [ 43.72988623700013, 40.663756928000055 ], [ 43.729788537000047, 40.663473269000121 ], [ 43.729586865000044, 40.662874484000042 ], [ 43.728552883000134, 40.662679945000036 ], [ 43.728231060000041, 40.662618837000139 ], [ 43.727172304000192, 40.663004880000187 ], [ 43.726217294000037, 40.663716506000128 ], [ 43.724963049999985, 40.663540437 ], [ 43.724553011000125, 40.663059701 ], [ 43.723937670000055, 40.662173751000068 ], [ 43.723019263000026, 40.660965231000091 ], [ 43.723031437000145, 40.660326935000057 ], [ 43.722417637000149, 40.659362498000121 ], [ 43.721496298000034, 40.658310923000045 ], [ 43.72131379800004, 40.65671282500017 ], [ 43.72101456900009, 40.655830359000163 ], [ 43.721774011000036, 40.654561907000186 ], [ 43.721892334000131, 40.653762561000121 ], [ 43.721906014000183, 40.653045785000131 ], [ 43.721399209000083, 40.652239517000055 ], [ 43.720798470000034, 40.650956000000178 ], [ 43.719144496000126, 40.649420078999981 ], [ 43.719371144999968, 40.648705665000023 ], [ 43.71990849600013, 40.647910968000076 ], [ 43.71981915900011, 40.647193049000123 ], [ 43.718985749000069, 40.646943086000135 ], [ 43.717621837000195, 40.64677095400009 ], [ 43.716794554000046, 40.646201826000095 ], [ 43.716811391000135, 40.645322860000192 ], [ 43.717650882000044, 40.64525369100005 ], [ 43.718914734000123, 40.645267721000153 ], [ 43.719958786, 40.645279301000073 ], [ 43.719134602000054, 40.64454799900011 ], [ 43.717054883000174, 40.643729486000154 ], [ 43.716442920000077, 40.642681307000032 ], [ 43.71688634700007, 40.641409370000019 ], [ 43.717943314000081, 40.641101895000077 ], [ 43.719300244000067, 40.641273945000137 ], [ 43.720481775000053, 40.641637659000025 ], [ 43.720659354000077, 40.641691957000035 ], [ 43.72045512700015, 40.641234419000057 ], [ 43.720053449000147, 40.64032464800016 ], [ 43.719132301000116, 40.639278288000128 ], [ 43.719649572000037, 40.638451969000016 ], [ 43.719777096000087, 40.638249294000047 ], [ 43.720831003000171, 40.638098749000108 ], [ 43.720112913000094, 40.637211638000167 ], [ 43.720653931000072, 40.636579200000085 ], [ 43.722221304000186, 40.636518060000185 ], [ 43.723580437000123, 40.636930805000134 ], [ 43.723504826000124, 40.635490877000166 ], [ 43.722156397000049, 40.634518312000068 ], [ 43.720485282000084, 40.6342590860001 ], [ 43.718929296000113, 40.633367912000097 ], [ 43.717150604000039, 40.633348164000097 ], [ 43.716751240000178, 40.633757138000135 ], [ 43.716611183000055, 40.633896874000186 ], [ 43.71688732299998, 40.635977468000192 ], [ 43.716459167000096, 40.636454151000123 ], [ 43.714894156000184, 40.636033798000085 ], [ 43.713976160000072, 40.634830440000144 ], [ 43.713990015000093, 40.634108432000119 ], [ 43.714633331000186, 40.63315794500005 ], [ 43.71401300600013, 40.632910317000153 ], [ 43.712541858000066, 40.632972419000168 ], [ 43.711607147999985, 40.632642777000058 ], [ 43.711728564000111, 40.631686481000145 ], [ 43.712903681000057, 40.630584944000077 ], [ 43.71281293100003, 40.629945498999973 ], [ 43.712737624000113, 40.629217263000157 ], [ 43.712719937000145, 40.629065307000189 ], [ 43.712535430000059, 40.627943375000086 ], [ 43.712129443000151, 40.627624863 ], [ 43.711811423000142, 40.627375362000066 ], [ 43.710962945000063, 40.627208901000074 ], [ 43.708780169000136, 40.626781568000126 ], [ 43.707651866000106, 40.625811295000062 ], [ 43.706719599000166, 40.625005430999977 ], [ 43.707256901000051, 40.624210789000131 ], [ 43.708570042000076, 40.62449760200019 ], [ 43.709554805000096, 40.62471793300017 ], [ 43.708949993000147, 40.623669793000147 ], [ 43.708022377000134, 40.622623270000133 ], [ 43.7072155460001, 40.621012921000045 ], [ 43.706830510000032, 40.619255532000068 ], [ 43.707888781000122, 40.61886443200018 ], [ 43.709252786999969, 40.618644198000084 ], [ 43.709690139000088, 40.617686200000037 ], [ 43.709180617000072, 40.617042071000128 ], [ 43.706976683000107, 40.617017414000145 ], [ 43.706683058000067, 40.616218699000058 ], [ 43.705980831000147, 40.614531016000115 ], [ 43.705264699000054, 40.613565336000136 ], [ 43.705488335000098, 40.613007904000028 ], [ 43.707588439000119, 40.612712209000165 ], [ 43.707608402000062, 40.611676283000065 ], [ 43.707208075000096, 40.610714149000046 ], [ 43.706367494000062, 40.610861729000192 ], [ 43.704895209000028, 40.611007452000081 ], [ 43.702813665000122, 40.610345654000184 ], [ 43.702502525000114, 40.610101437000139 ], [ 43.702513354000075, 40.609541619000026 ], [ 43.703686705000052, 40.608518647000096 ], [ 43.704016443000171, 40.607800183000165 ], [ 43.703823649000185, 40.606761869000081 ], [ 43.702370072000122, 40.605944884000053 ], [ 43.701113835000172, 40.605930762000128 ], [ 43.699955904000035, 40.606158454000138 ], [ 43.698064111000065, 40.60669708100005 ], [ 43.697906120000027, 40.606700533000151 ], [ 43.696593529000097, 40.606758989000184 ], [ 43.695144621999987, 40.605706477000126 ], [ 43.695643410000059, 40.60441954200013 ], [ 43.695701174000021, 40.604273668000133 ], [ 43.695197437000047, 40.602991106000104 ], [ 43.693475017000139, 40.6022390010001 ], [ 43.69288947900003, 40.601986421000163 ], [ 43.692188274000159, 40.601680196000132 ], [ 43.690958662000071, 40.600305664000132 ], [ 43.691287751000175, 40.59927324400013 ], [ 43.691633079000155, 40.597759562000135 ], [ 43.691035007000039, 40.596392183000034 ], [ 43.69022192, 40.594786874000192 ], [ 43.689032630000042, 40.593465108000089 ], [ 43.688481693000028, 40.592851815000017 ], [ 43.68671976000013, 40.592031131000169 ], [ 43.684007578000092, 40.591361822000124 ], [ 43.684026351000114, 40.590404381000042 ], [ 43.684051379999971, 40.589127793000102 ], [ 43.684813903000133, 40.587697379000076 ], [ 43.68567308400003, 40.586587278000138 ], [ 43.686301066000169, 40.586065880000149 ], [ 43.686524354000142, 40.585880028000076 ], [ 43.687169110000184, 40.584851206000053 ], [ 43.685829182000191, 40.58387307900017 ], [ 43.684256056000038, 40.583938898000042 ], [ 43.68371167000015, 40.584047823000105 ], [ 43.682781243000136, 40.584241306000195 ], [ 43.681321193000144, 40.584140916000081 ], [ 43.680505883000194, 40.583016955000062 ], [ 43.680205954000144, 40.582212865000145 ], [ 43.680217370000037, 40.581632122000144 ], [ 43.680235779000043, 40.580695609000031 ], [ 43.680374803000177, 40.578860381000027 ], [ 43.679361056000062, 40.577011977000041 ], [ 43.677904260000105, 40.576754588000142 ], [ 43.676827626000033, 40.57810286400013 ], [ 43.675020488000087, 40.57959974500011 ], [ 43.673742787000151, 40.579307727000128 ], [ 43.673558342999968, 40.579263744000116 ], [ 43.673545239000134, 40.579232195000088 ], [ 43.67305741500013, 40.578216604000147 ], [ 43.671617355000137, 40.576766183000132 ], [ 43.670493089000047, 40.575314146000153 ], [ 43.670198078000055, 40.574269363000155 ], [ 43.67117175900006, 40.572925197000131 ], [ 43.672970940000141, 40.571825999000112 ], [ 43.674364598000182, 40.570408132000125 ], [ 43.673982332000151, 40.568566925000141 ], [ 43.672545762000141, 40.566949095000041 ], [ 43.670036331000063, 40.566841732000114 ], [ 43.667727953000053, 40.566977356000109 ], [ 43.666167989000087, 40.566399411000191 ], [ 43.664826554000058, 40.565185532000044 ], [ 43.662537898000039, 40.564677609000171 ], [ 43.662234583999975, 40.564747360000183 ], [ 43.660855940000147, 40.565061070000013 ], [ 43.658734411000182, 40.566151105000074 ], [ 43.656954299000176, 40.566292647000068 ], [ 43.655291542000157, 40.565713360000188 ], [ 43.653829802000189, 40.565377114000057 ], [ 43.651750189000154, 40.564714421000019 ], [ 43.649886099000128, 40.563572764000185 ], [ 43.648221787000068, 40.563077087000124 ], [ 43.647481326, 40.563387638000108 ], [ 43.646431717000098, 40.563375344000178 ], [ 43.644767543000114, 40.562874385000043 ], [ 43.64364567299998, 40.561343618000137 ], [ 43.64305850400018, 40.559499904000177 ], [ 43.642672292000043, 40.557899271000167 ], [ 43.642691631000105, 40.556941840000036 ], [ 43.643573691000086, 40.554712433000077 ], [ 43.643612339000072, 40.552797570000166 ], [ 43.644181969000158, 40.550407494000126 ], [ 43.644352913000091, 40.550095513000144 ], [ 43.645485428000086, 40.548026020000066 ], [ 43.64574790100005, 40.545553835000078 ], [ 43.646616746000063, 40.543967918000021 ], [ 43.648534830000131, 40.542394273000127 ], [ 43.650660242000129, 40.540739287000179 ], [ 43.651633842000024, 40.539735429000075 ], [ 43.65226425700007, 40.539083412000025 ], [ 43.652008060000128, 40.53612370899998 ], [ 43.65174223300005, 40.533645339000088 ], [ 43.650839641000175, 40.531797974000142 ], [ 43.649188765000133, 40.531354800000031 ], [ 43.648342817000128, 40.531130347000044 ], [ 43.64591960600012, 40.531578185000114 ], [ 43.644011798000179, 40.532994918000043 ], [ 43.643350341000087, 40.534504758000082 ], [ 43.643512999000052, 40.536981934000039 ], [ 43.643073683000125, 40.538018165999972 ], [ 43.64107049900008, 40.538711557000056 ], [ 43.640137052000057, 40.53806213200005 ], [ 43.639744563000136, 40.536780630000067 ], [ 43.639401277000161, 40.535101990000101 ], [ 43.639363415000048, 40.534939317000067 ], [ 43.63790928300017, 40.534602961000132 ], [ 43.636637902000075, 40.535064178000027 ], [ 43.636343348000025, 40.536060227000064 ], [ 43.636306621000074, 40.536180155000068 ], [ 43.636266197000111, 40.53817349600007 ], [ 43.636436276000097, 40.539933831000155 ], [ 43.63623831600006, 40.54022454800014 ], [ 43.635898846000032, 40.540728152000042 ], [ 43.635023379000131, 40.540602683000031 ], [ 43.634647155000096, 40.540551139000058 ], [ 43.631846114000098, 40.539319617000103 ], [ 43.628830886000173, 40.53816921400005 ], [ 43.628116768000041, 40.537197843000058 ], [ 43.628870038000059, 40.536249125999973 ], [ 43.630066415000158, 40.535096334000173 ], [ 43.630255397000155, 40.534910182000033 ], [ 43.631546405000051, 40.533486375000109 ], [ 43.631457770999987, 40.532449167000095 ], [ 43.632125962000146, 40.530620255000088 ], [ 43.633199400000137, 40.529434575000039 ], [ 43.635302047000096, 40.528899487 ], [ 43.637407842000187, 40.528207405000103 ], [ 43.638476382000135, 40.527257107000025 ], [ 43.63934345600012, 40.525754948000156 ], [ 43.639810140000179, 40.523363670000037 ], [ 43.638355857000192, 40.522708098000123 ], [ 43.636277819000043, 40.522039913000185 ], [ 43.635372512000174, 40.520354621000195 ], [ 43.634543799000085, 40.519627891000084 ], [ 43.633224319000135, 40.519769283000073 ], [ 43.632550866000145, 40.519839811000054 ], [ 43.630565908, 40.51965930700004 ], [ 43.628056731000129, 40.519629538000117 ], [ 43.626589319000061, 40.519962724000152 ], [ 43.626058866000164, 40.520082012000103 ], [ 43.624683470000036, 40.520944813000142 ], [ 43.624876099000062, 40.521585547000086 ], [ 43.62623219000011, 40.522004631000073 ], [ 43.627850906000106, 40.522997229000168 ], [ 43.628087985000093, 40.523141339000176 ], [ 43.627434734000133, 40.524572689000138 ], [ 43.62578178900003, 40.525254278000148 ], [ 43.625747187, 40.525269566000134 ], [ 43.62364586200016, 40.525406779000036 ], [ 43.622374778000164, 40.525522457000193 ], [ 43.620506016000036, 40.525688551000087 ], [ 43.619040387000041, 40.525592544000062 ], [ 43.618440771000166, 40.524067769999988 ], [ 43.618469994000179, 40.52264471 ], [ 43.618480200000135, 40.52214768500005 ], [ 43.617467560000193, 40.520701696 ], [ 43.615701536000074, 40.519879881000179 ], [ 43.614272527000082, 40.518345144000079 ], [ 43.612846542000113, 40.516334211000071 ], [ 43.61203329000017, 40.515204554000093 ], [ 43.611108655000123, 40.514157283000088 ], [ 43.609860771000058, 40.513823055000103 ], [ 43.609223774000043, 40.514453831000083 ], [ 43.608695838000074, 40.515447002000087 ], [ 43.608674516000065, 40.51548337700018 ], [ 43.606975425000087, 40.51673978600013 ], [ 43.605397210000149, 40.517123696999988 ], [ 43.604255495000075, 40.516628463000075 ], [ 43.602818564000131, 40.515491206000036 ], [ 43.602425278999988, 40.514288064000141 ], [ 43.602213297000048, 40.513599960000022 ], [ 43.602033638000194, 40.513006443000052 ], [ 43.600276277000034, 40.511786781000012 ], [ 43.599582967, 40.511495791000129 ], [ 43.598719820000099, 40.511129472999983 ], [ 43.595401361000086, 40.509812295000074 ], [ 43.592293699000152, 40.508256868000103 ], [ 43.592130179000151, 40.508207777000052 ], [ 43.588655170000095, 40.507176321000145 ], [ 43.587755332000086, 40.507583976000035 ], [ 43.587277772, 40.507797929000048 ], [ 43.585487435000118, 40.508492962999981 ], [ 43.584443771999986, 40.508239457000172 ], [ 43.581763059000139, 40.506610481000052 ], [ 43.58032483500017, 40.505237439000098 ], [ 43.578773811000076, 40.504339206000111 ], [ 43.576258511000162, 40.504627460000165 ], [ 43.573837578000166, 40.505314541000075 ], [ 43.572274769000046, 40.504976020000072 ], [ 43.571243094000067, 40.504162599000153 ], [ 43.571160605000046, 40.503203918000168 ], [ 43.572335679000105, 40.502103787000181 ], [ 43.571723782000049, 40.501217060000101 ], [ 43.570053276000181, 40.501112668000133 ], [ 43.568915435000122, 40.500460140000143 ], [ 43.568318906000059, 40.499175867000019 ], [ 43.568450515, 40.497822118000045 ], [ 43.569229642999971, 40.497287523000125 ], [ 43.569827798000176, 40.496881511000083 ], [ 43.570802407000087, 40.495532956000147 ], [ 43.570821060000128, 40.494654020999974 ], [ 43.569880463, 40.494401660000165 ], [ 43.568307694000168, 40.49454441000006 ], [ 43.566726458000119, 40.495084752000025 ], [ 43.56515015500014, 40.495714097000132 ], [ 43.564410298000098, 40.496013661000063 ], [ 43.563564022000094, 40.496160138000164 ], [ 43.561706725000136, 40.495179372000052 ], [ 43.560043098999984, 40.494760934000055 ], [ 43.557844988000113, 40.494655023000064 ], [ 43.557658225000011, 40.493773527000144 ], [ 43.558103578000043, 40.492502202000026 ], [ 43.559385040000166, 40.491236068999967 ], [ 43.559720731000141, 40.490282591000152 ], [ 43.558590004000109, 40.489310829000033 ], [ 43.557342837000022, 40.488656823000099 ], [ 43.557365022, 40.48762093900018 ], [ 43.558018761000028, 40.487179050000123 ], [ 43.558644635000121, 40.486757742000066 ], [ 43.559501066000166, 40.485810758000071 ], [ 43.559533508000186, 40.484293553000043 ], [ 43.558443963, 40.48140174100007 ], [ 43.556066420000036, 40.48009517100013 ], [ 43.554293579000159, 40.479675287000191 ], [ 43.553015845000118, 40.48077395200005 ], [ 43.552388875000133, 40.480928327000129 ], [ 43.551345769000136, 40.480674531000091 ], [ 43.550530485000195, 40.479706644000032 ], [ 43.549708355000064, 40.479057886000192 ], [ 43.548643495000022, 40.478861356999971 ], [ 43.547831124000083, 40.478715089000161 ], [ 43.546263877000172, 40.478616887000044 ], [ 43.543662258000097, 40.47818117700001 ], [ 43.542730596000126, 40.477530990000162 ], [ 43.54275820099997, 40.476254453000138 ], [ 43.543712233000065, 40.475868761000186 ], [ 43.545376981000118, 40.476208950000171 ], [ 43.547266197000113, 40.475991991000058 ], [ 43.547358079000105, 40.475862317000178 ], [ 43.547908576000054, 40.475120897000124 ], [ 43.548886690000188, 40.473296351000158 ], [ 43.549443360000055, 40.471947956000065 ], [ 43.549030151000068, 40.47077054500005 ], [ 43.548849264000125, 40.470260659000132 ], [ 43.547842379000031, 40.468651902000033 ], [ 43.547859623000193, 40.467851447000101 ], [ 43.548383616000137, 40.467701036000051 ], [ 43.548664697, 40.467694100000188 ], [ 43.550371961000053, 40.467642264000119 ], [ 43.551634082000135, 40.467260370000133 ], [ 43.552810622000152, 40.466076718000124 ], [ 43.554701215000136, 40.465781156000162 ], [ 43.556072863000111, 40.46508136000017 ], [ 43.556406780000145, 40.464206362000084 ], [ 43.556435905000171, 40.462846107000075 ], [ 43.557079717000136, 40.461896480000064 ], [ 43.558245775000159, 40.461194090000049 ], [ 43.559838229000093, 40.46009405000018 ], [ 43.561415229000033, 40.459715971000037 ], [ 43.563928901000168, 40.459428010000124 ], [ 43.565182392000054, 40.459762802000114 ], [ 43.566944489000093, 40.460344613000188 ], [ 43.568918952000161, 40.460929027000077 ], [ 43.570600441000067, 40.460468386000059 ], [ 43.572596981000061, 40.460011612000073 ], [ 43.573464602000172, 40.45850994000017 ], [ 43.574559878000059, 40.45628366 ], [ 43.575948033000032, 40.454783155000143 ], [ 43.578057262000073, 40.454170678000139 ], [ 43.579632247000063, 40.453551598000104 ], [ 43.580390287000057, 40.452362516000107 ], [ 43.581156250000106, 40.451121194000109 ], [ 43.581368969000039, 40.450778415000059 ], [ 43.581940477000103, 40.450638900000172 ], [ 43.582945637000137, 40.450400036000076 ], [ 43.584833872000104, 40.44986322200009 ], [ 43.585482361000061, 40.448991987000056 ], [ 43.585408162000022, 40.447630452999988 ], [ 43.585272140000143, 40.447257233000016 ], [ 43.585013795000179, 40.446510959000079 ], [ 43.58544491400005, 40.445877789000122 ], [ 43.586566788000141, 40.445949079000172 ], [ 43.587011473000075, 40.445975449 ], [ 43.589202854000121, 40.446002218000046 ], [ 43.591495506000115, 40.446427902000096 ], [ 43.592841394000118, 40.446925748000069 ], [ 43.59368854100012, 40.446376108000038 ], [ 43.593826465000177, 40.445017159000145 ], [ 43.59436184600014, 40.444306726000093 ], [ 43.595845593000035, 40.443445586000053 ], [ 43.596593011000095, 40.442418493000048 ], [ 43.597564532000092, 40.441153388000089 ], [ 43.599459021000087, 40.440297184000144 ], [ 43.601778003000106, 40.439446084000053 ], [ 43.604725262000159, 40.438681021000093 ], [ 43.607037278000121, 40.437829731000193 ], [ 43.609578156000055, 40.436504927000158 ], [ 43.610119983, 40.43547003700013 ], [ 43.610882126000092, 40.434045303000062 ], [ 43.612384838000082, 40.431907275000071 ], [ 43.612735917000123, 40.430153134000136 ], [ 43.612770432000048, 40.428473690000089 ], [ 43.612791720000189, 40.427437772000189 ], [ 43.613540710000166, 40.426646078000033 ], [ 43.614397205000103, 40.42562017299997 ], [ 43.616195202000085, 40.424762532000159 ], [ 43.617885226000112, 40.423825075000138 ], [ 43.619354852000185, 40.423282684000128 ], [ 43.619580124000038, 40.422646922000069 ], [ 43.619700780000073, 40.421769184000141 ], [ 43.619723668000177, 40.42064955 ], [ 43.619229399000062, 40.41970690200003 ], [ 43.61922298200011, 40.419685893000121 ], [ 43.61977425200007, 40.418174844000077 ], [ 43.620022274000178, 40.416424678000055 ], [ 43.619198610000069, 40.415854889000059 ], [ 43.617728834000161, 40.416078051000056 ], [ 43.615839886000174, 40.4163746750001 ], [ 43.614590553000085, 40.416197480000108 ], [ 43.614403233000019, 40.415316055000062 ], [ 43.614426096000045, 40.414201654000124 ], [ 43.614891167999986, 40.411888912000109 ], [ 43.614799679000157, 40.411008636000076 ], [ 43.614632005000146, 40.409169767000094 ], [ 43.615176742000187, 40.40797788600014 ], [ 43.615827643000102, 40.406949503000078 ], [ 43.616958777000093, 40.406204224000135 ], [ 43.617624805000162, 40.405772599000045 ], [ 43.618485887000134, 40.404505985000014 ], [ 43.618508781000116, 40.403386349000129 ], [ 43.618181780000157, 40.402974249000124 ], [ 43.617794473000174, 40.402498629000036 ], [ 43.617192893000095, 40.401455256000133 ], [ 43.617626732000019, 40.400659760000053 ], [ 43.618575744000054, 40.400111148000121 ], [ 43.619423693000101, 40.399482823000085 ], [ 43.619535219000113, 40.399384724000072 ], [ 43.620594538000091, 40.398460620000151 ], [ 43.620726884000021, 40.397342287000072 ], [ 43.620139717000029, 40.395257687000083 ], [ 43.619123737000166, 40.393727919000185 ], [ 43.618523815000117, 40.392606073000081 ], [ 43.618336181000188, 40.391405420000126 ], [ 43.618045916000085, 40.39020354000013 ], [ 43.617009175000192, 40.390028912999981 ], [ 43.616360627000176, 40.390282815000035 ], [ 43.615429174000099, 40.390648457000111 ], [ 43.613441513000055, 40.390786867000031 ], [ 43.61230023600001, 40.390370215000189 ], [ 43.61234276800019, 40.388298364000093 ], [ 43.61241519500004, 40.387770676000116 ], [ 43.612463444000014, 40.387420628000086 ], [ 43.611750990000075, 40.386454394000111 ], [ 43.610197552000159, 40.386116503000096 ], [ 43.610163772000192, 40.386095164000039 ], [ 43.608953469000141, 40.385379355000055 ], [ 43.607931586000063, 40.384487872000079 ], [ 43.606699252000055, 40.383515346000081 ], [ 43.605996844, 40.382067738000046 ], [ 43.606220104000045, 40.381196479000153 ], [ 43.606525720000093, 40.380645439000034 ], [ 43.607200449000061, 40.379449923000095 ], [ 43.606802850000122, 40.378487450000137 ], [ 43.606824300000085, 40.377446293000048 ], [ 43.606648335000045, 40.375691035000102 ], [ 43.606363297000087, 40.374248457000135 ], [ 43.605204086000185, 40.373721622000119 ], [ 43.604919363000135, 40.373592589000054 ], [ 43.603043120000052, 40.373329207000097 ], [ 43.600333950000106, 40.372977215999981 ], [ 43.599938218000034, 40.371931009000036 ], [ 43.60017334000014, 40.370819174000133 ], [ 43.599679657000195, 40.369217056000082 ], [ 43.598558664999985, 40.367842830000086 ], [ 43.59755203900005, 40.366234484000074 ], [ 43.597485881000068, 40.364475309000056 ], [ 43.597512344000052, 40.363198717000159 ], [ 43.595555328000103, 40.361898050000093 ], [ 43.59599414600018, 40.360861962000172 ], [ 43.596325039000135, 40.359751296000127 ], [ 43.5967638300001, 40.358715203000088 ], [ 43.597215730000187, 40.357046044000072 ], [ 43.597147957000175, 40.355365346000099 ], [ 43.596562068000082, 40.353599861000134 ], [ 43.594832007000036, 40.351265750000039 ], [ 43.593415200000152, 40.349333152000156 ], [ 43.591255058000115, 40.34762698000003 ], [ 43.590549958000054, 40.346341472000063 ], [ 43.590773588000047, 40.345784238000135 ], [ 43.592152413000179, 40.344602614000109 ], [ 43.593221863000053, 40.343495709000081 ], [ 43.593872235000049, 40.342148202000033 ], [ 43.594524532000094, 40.341036212000063 ], [ 43.595592149000026, 40.340012994000119 ], [ 43.595696663000183, 40.339920064000069 ], [ 43.59686658600009, 40.338908543000116 ], [ 43.59897500500017, 40.337819417000105 ], [ 43.601022194000166, 40.334725166000112 ], [ 43.601528290000147, 40.333067104000065 ], [ 43.602697244000069, 40.330103496000163 ], [ 43.604546176999975, 40.328315103000079 ], [ 43.605391181000073, 40.327791500000046 ], [ 43.606664149000096, 40.326739251999982 ], [ 43.608927618000052, 40.32506568000008 ], [ 43.61077155800001, 40.323172458000101 ], [ 43.612055287000089, 40.32158648300009 ], [ 43.613135179000096, 40.319935249000025 ], [ 43.613587292000147, 40.31721935500002 ], [ 43.614316994000092, 40.315637176000166 ], [ 43.615338426000051, 40.313828220000062 ], [ 43.616832357000135, 40.313317531000166 ], [ 43.619526369000084, 40.312287355000194 ], [ 43.621916391000127, 40.311410493000096 ], [ 43.623023066000144, 40.310439811000094 ], [ 43.623366813000075, 40.308324413000037 ], [ 43.624290620000011, 40.306592712000167 ], [ 43.625189872000192, 40.306069605000175 ], [ 43.628383030000066, 40.304673586000035 ], [ 43.628810080000051, 40.303160987000183 ], [ 43.627772540000194, 40.300725658000033 ], [ 43.62820560900002, 40.298914834000129 ], [ 43.63180397900004, 40.29706298800005 ], [ 43.635418862999984, 40.295399624000083 ], [ 43.637152130000175, 40.29417452600012 ], [ 43.637721656000053, 40.291679703000057 ], [ 43.63752812700011, 40.290086492000114 ], [ 43.63566072500015, 40.28711288500017 ], [ 43.634522149000077, 40.284943319000092 ], [ 43.633143462000135, 40.283163404000163 ], [ 43.633614902000033, 40.28214847300012 ], [ 43.634804776000067, 40.281764787000157 ], [ 43.637186797000084, 40.281222438000157 ], [ 43.639952379000135, 40.280292049000025 ], [ 43.641159284000082, 40.279395630000181 ], [ 43.641260596000109, 40.277748318000135 ], [ 43.641454033, 40.275594452000064 ], [ 43.641860388000168, 40.273725685999977 ], [ 43.643381295000154, 40.272152593000158 ], [ 43.644894152000177, 40.270636952000075 ], [ 43.646075831000189, 40.270650786000147 ], [ 43.647922373000029, 40.271242816000097 ], [ 43.649980802000073, 40.271832055000061 ], [ 43.651250086000118, 40.271564258000012 ], [ 43.651943177000135, 40.270379132000016 ], [ 43.652627129000052, 40.269309029000055 ], [ 43.654557865000129, 40.26910123000016 ], [ 43.655966057000114, 40.269405432000099 ], [ 43.658606454000164, 40.270624046000023 ], [ 43.661350067000058, 40.270770958000128 ], [ 43.664029780000192, 40.270346630000176 ], [ 43.666794413000048, 40.269075415000088 ], [ 43.670387596000069, 40.267353122000145 ], [ 43.672787664000055, 40.265847303000157 ], [ 43.673933349000094, 40.26455209900007 ], [ 43.675403982000034, 40.262705867000079 ], [ 43.676994103000027, 40.261734954000133 ], [ 43.678032192000046, 40.259993640000118 ], [ 43.678355282000155, 40.258134251000058 ], [ 43.679476083000054, 40.257403910000107 ], [ 43.679510737999976, 40.257378138000092 ], [ 43.679585859999975, 40.257378995000067 ], [ 43.682943735000094, 40.257527167000092 ], [ 43.684247245000108, 40.256882592000125 ], [ 43.684264171999985, 40.256008811000015 ], [ 43.68342286900014, 40.255010132999985 ], [ 43.683048590000169, 40.254937840000139 ], [ 43.681571767000094, 40.254659353000136 ], [ 43.679867943000147, 40.253760719000184 ], [ 43.680604085000141, 40.25278524100014 ], [ 43.681973071000073, 40.252282739000123 ], [ 43.682337736000136, 40.252145591000158 ], [ 43.683071256000062, 40.250950264000096 ], [ 43.68223472800014, 40.250061533000178 ], [ 43.681342931000131, 40.249910071999977 ], [ 43.679518683000026, 40.249590965000152 ], [ 43.678403874000082, 40.248264659000029 ], [ 43.67872058100005, 40.246729662000121 ], [ 43.679720265000185, 40.244841355000119 ], [ 43.679755828, 40.244768493000095 ], [ 43.681660279000141, 40.24270731900009 ], [ 43.683110714000122, 40.241514923000182 ], [ 43.684837571000116, 40.241210092000131 ], [ 43.686429173000192, 40.240129159000105 ], [ 43.685014970000111, 40.239453689000186 ], [ 43.683283800000083, 40.239983510000059 ], [ 43.681129293000083, 40.24050848000013 ], [ 43.68072475200006, 40.239185054000075 ], [ 43.681747467000037, 40.238212832000102 ], [ 43.683029386000158, 40.237254018000158 ], [ 43.683486675000097, 40.236913818000062 ], [ 43.683516369000017, 40.235380772000099 ], [ 43.682894970000063, 40.235028297000156 ], [ 43.681537351000088, 40.234259227999985 ], [ 43.678982707000102, 40.233246215000122 ], [ 43.678730049000137, 40.23149014400002 ], [ 43.67948100000018, 40.229740295000113 ], [ 43.67994823000015, 40.229237986000044 ], [ 43.680791998000132, 40.228331763000085 ], [ 43.682661982000127, 40.228023361000169 ], [ 43.684811829000125, 40.227718109000136 ], [ 43.685260908000032, 40.226739332000079 ], [ 43.683985642000039, 40.22595552700011 ], [ 43.681844369000089, 40.225821256000131 ], [ 43.678617425000084, 40.224988978000169 ], [ 43.678284578000159, 40.224901443000135 ], [ 43.674545130000183, 40.225847787000077 ], [ 43.669070805000104, 40.227867849000063 ], [ 43.666201973000057, 40.228274424000062 ], [ 43.660483697000188, 40.228098474999967 ], [ 43.658481108000103, 40.227855475000126 ], [ 43.655642638000074, 40.226723523000089 ], [ 43.654521838000107, 40.225396917000126 ], [ 43.654838858, 40.223867218000123 ], [ 43.655846601000178, 40.22365912500004 ], [ 43.65798991000014, 40.223683999000116 ], [ 43.659008476000054, 40.222926497000174 ], [ 43.659267218000139, 40.222615492000102 ], [ 43.659742505000111, 40.222055790000127 ], [ 43.660341734000042, 40.22074914600006 ], [ 43.660793046000094, 40.219325651000133 ], [ 43.662525910000113, 40.218691516000149 ], [ 43.665127102000042, 40.217292830000076 ], [ 43.665009550000093, 40.215977890000147 ], [ 43.6633180500001, 40.21485935100003 ], [ 43.663480702000072, 40.213877349000143 ], [ 43.665623708999988, 40.21390207800016 ], [ 43.666909303000182, 40.214136696000025 ], [ 43.668070577000151, 40.213051050999979 ], [ 43.669396898000173, 40.211203214000136 ], [ 43.671289573000195, 40.209361865000119 ], [ 43.672622266000076, 40.207179124000106 ], [ 43.674658046000104, 40.205339358000117 ], [ 43.678693529000157, 40.203852107000046 ], [ 43.684604018000073, 40.201396921000139 ], [ 43.688070117000052, 40.199683064000169 ], [ 43.689817140000116, 40.198274127000047 ], [ 43.69026969100014, 40.196745855000074 ], [ 43.691873308000027, 40.195335263000061 ], [ 43.694032521000111, 40.19448566300008 ], [ 43.695345235000161, 40.193291543000043 ], [ 43.696356616000116, 40.19286333000008 ], [ 43.697516955000083, 40.191782605000071 ], [ 43.697394702, 40.190682208000055 ], [ 43.697124874000053, 40.189805187000047 ], [ 43.696305722000147, 40.188037528999985 ], [ 43.697889476000114, 40.187291273000085 ], [ 43.699208278000128, 40.18576747000003 ], [ 43.700081923000027, 40.184683495000115 ], [ 43.699816906000081, 40.183911202000104 ], [ 43.69984198200018, 40.182597890000125 ], [ 43.701442430999975, 40.18096731900016 ], [ 43.702055140000141, 40.17889127900014 ], [ 43.703937661000055, 40.177488873000129 ], [ 43.70666089700012, 40.177079720999984 ], [ 43.708234532, 40.177207195000051 ], [ 43.709121089000121, 40.175788351999984 ], [ 43.709714782000106, 40.17470117900001 ], [ 43.711715432000062, 40.174613558000146 ], [ 43.713153489000149, 40.173970138000186 ], [ 43.71417484300008, 40.172992364000152 ], [ 43.714641779000033, 40.171024535000129 ], [ 43.714722426000037, 40.166749693000099 ], [ 43.715041934000169, 40.165000029000112 ], [ 43.716061053000033, 40.164132114000154 ], [ 43.717075394000176, 40.163154234000046 ], [ 43.715942580000103, 40.162817200000063 ], [ 43.714228115000083, 40.162578366000162 ], [ 43.713427821000096, 40.16269507800007 ], [ 43.711505503000012, 40.162987707000013 ], [ 43.710073326000099, 40.162971758000026 ], [ 43.707512650000183, 40.162393685000097 ], [ 43.706382083000165, 40.161941446000071 ], [ 43.703663085000073, 40.161801129000082 ], [ 43.700913316000026, 40.163633418000074 ], [ 43.699348927000131, 40.163396048000152 ], [ 43.697642813000186, 40.162722684000016 ], [ 43.695800437000173, 40.162042528000086 ], [ 43.693231498000159, 40.161903656000106 ], [ 43.690801076000128, 40.161656392000111 ], [ 43.687379704000023, 40.161507747000144 ], [ 43.685823429000152, 40.160500968000065 ], [ 43.684534529000075, 40.160486329000037 ], [ 43.682121536000182, 40.159694801000057 ], [ 43.67956549500019, 40.158896358000163 ], [ 43.67729379300016, 40.158211010000116 ], [ 43.675577459000067, 40.158081486000071 ], [ 43.67344047600011, 40.157837214000097 ], [ 43.671164488000045, 40.157376735000128 ], [ 43.670174924999969, 40.156705957000042 ], [ 43.669065680000131, 40.15483009999997 ], [ 43.668089434000194, 40.15382975000017 ], [ 43.666238636000173, 40.153258929000117 ], [ 43.665093442000114, 40.153575439000178 ], [ 43.664355936, 40.154665958000066 ], [ 43.663490288000162, 40.154985676000081 ], [ 43.66178735800014, 40.154526394000072 ], [ 43.661103745000105, 40.152869952000174 ], [ 43.659986172000117, 40.151433522000161 ], [ 43.658166015000063, 40.149659233000193 ], [ 43.655640870000127, 40.147327218000044 ], [ 43.652796779000084, 40.146305035000125 ], [ 43.652248255000188, 40.145419430000118 ], [ 43.6535494580001, 40.144450679000158 ], [ 43.654577702000097, 40.143143800000132 ], [ 43.654685130000075, 40.142883376000043 ], [ 43.655028789000028, 40.142055248000133 ], [ 43.655200127000171, 40.140628502000027 ], [ 43.653349694999974, 40.14006271500017 ], [ 43.651653724000084, 40.139273657999979 ], [ 43.650928550000117, 40.138014413000178 ], [ 43.650822994000123, 40.137835245000076 ], [ 43.650824029000091, 40.137782922000099 ], [ 43.650840278000089, 40.136961457000098 ], [ 43.651872800000092, 40.135434845000077 ], [ 43.651328313000079, 40.134005001000048 ], [ 43.649649520000025, 40.132012416000123 ], [ 43.649816591000047, 40.130805433000035 ], [ 43.650569167000128, 40.128951090000157 ], [ 43.652620802000172, 40.126562350000029 ], [ 43.654353207000099, 40.1254887 ], [ 43.656399951000139, 40.122989930000017 ], [ 43.65603353400013, 40.120133431000056 ], [ 43.655790478000085, 40.11828319000017 ], [ 43.655660329000057, 40.117276851000099 ], [ 43.655575542000065, 40.114313713000058 ], [ 43.657181767000168, 40.112359325 ], [ 43.658038437000187, 40.112123282000141 ], [ 43.661348801000145, 40.111198634000175 ], [ 43.664219059000118, 40.110467688000085 ], [ 43.666499778000116, 40.110603877000074 ], [ 43.668924101000073, 40.111066148000077 ], [ 43.670361089000096, 40.110428469000112 ], [ 43.672667457000159, 40.10924599000009 ], [ 43.67468999099998, 40.108285256000158 ], [ 43.676263678000112, 40.10797354500005 ], [ 43.677713833000098, 40.107000980000123 ], [ 43.678181314000142, 40.10503328700014 ], [ 43.677922680000052, 40.103606822000131 ], [ 43.676803499000073, 40.102275196000107 ], [ 43.675550119000093, 40.100837355000067 ], [ 43.675733685000012, 40.098751285000105 ], [ 43.676333165000074, 40.097004913000035 ], [ 43.67863303200005, 40.096481658000187 ], [ 43.680770244000087, 40.096615926000084 ], [ 43.68260859500009, 40.097406179000188 ], [ 43.684188810000194, 40.097094432000063 ], [ 43.686197770000149, 40.0964578170001 ], [ 43.68833126300018, 40.09714142200005 ], [ 43.689610047000087, 40.097265802000038 ], [ 43.691478490000065, 40.096847313000126 ], [ 43.693194919000064, 40.096536981000042 ], [ 43.694932742000049, 40.095462772000076 ], [ 43.696939463000092, 40.09493584900008 ], [ 43.69895651700017, 40.09386472 ], [ 43.69970952400007, 40.091894905000174 ], [ 43.701480442000047, 40.08906773700005 ], [ 43.703074429000026, 40.087656844000094 ], [ 43.705379368000024, 40.086478920000161 ], [ 43.708248238000067, 40.08574162300016 ], [ 43.710705063000091, 40.084450148000144 ], [ 43.712866715000018, 40.083270478000088 ], [ 43.713598516000104, 40.082399374000147 ], [ 43.715469830000018, 40.081436238000038 ], [ 43.717754460000094, 40.081681361000108 ], [ 43.720886570000062, 40.082150376000129 ], [ 43.724453173000029, 40.081975134000174 ], [ 43.726331236000078, 40.081006662000163 ], [ 43.72765061400014, 40.078938214000118 ], [ 43.730086420000077, 40.078745136000123 ], [ 43.731785921000096, 40.079313279000132 ], [ 43.733643451000148, 40.079443507000065 ], [ 43.734625837000067, 40.080108437000035 ], [ 43.735459712000022, 40.081436397000118 ], [ 43.737135056000113, 40.083317817000193 ], [ 43.739417811000067, 40.083672397000043 ], [ 43.74212900800012, 40.083701873000166 ], [ 43.74398592700004, 40.083502216000056 ], [ 43.745293578000144, 40.082417344000191 ], [ 43.746745388000193, 40.080899633000115 ], [ 43.749056178000046, 40.079720896000026 ], [ 43.750925021000057, 40.078861828000186 ], [ 43.753212920000067, 40.078556764000155 ], [ 43.754494301000136, 40.07890026400014 ], [ 43.755479602000037, 40.079790092000053 ], [ 43.756875363000177, 40.081338511000183 ], [ 43.758429036, 40.082448988000124 ], [ 43.759981834000087, 40.083234954000147 ], [ 43.761982589000127, 40.083366262000027 ], [ 43.763853268000105, 40.082402334 ], [ 43.76672137200012, 40.081663576000153 ], [ 43.769014136000067, 40.081468155999971 ], [ 43.770447709000109, 40.080933860000187 ], [ 43.771745024000097, 40.080398100000082 ], [ 43.772342780000145, 40.078980910000098 ], [ 43.773650881000151, 40.077461334000134 ], [ 43.775536015000114, 40.076052515000185 ], [ 43.777410236000037, 40.074868593000076 ], [ 43.779143414000089, 40.073568016000024 ], [ 43.780730507000044, 40.072815398000103 ], [ 43.783161025000084, 40.072516475000157 ], [ 43.784742191000134, 40.072093455000129 ], [ 43.785748308000166, 40.071444577000079 ], [ 43.786202666000122, 40.070025808000025 ], [ 43.78721944800003, 40.0691572180001 ], [ 43.788506675000065, 40.069170687000053 ], [ 43.790490556000179, 40.069850850000137 ], [ 43.792482241000187, 40.070091439000066 ], [ 43.794770680999989, 40.07011527200018 ], [ 43.797918208000112, 40.069708358000071 ], [ 43.800503233000029, 40.068746009000108 ], [ 43.801247164000017, 40.067110367000112 ], [ 43.802258828000049, 40.066131686000062 ], [ 43.804841646000057, 40.065284355000017 ], [ 43.80657704000015, 40.064203194000186 ], [ 43.808168209000087, 40.062796041000013 ], [ 43.809756652000146, 40.061933131000046 ], [ 43.814607325000111, 40.061872963000042 ], [ 43.817330244000061, 40.061571079000089 ], [ 43.821763129000146, 40.060852147000162 ], [ 43.824772740000185, 40.060113380000189 ], [ 43.825802005000185, 40.058480469000187 ], [ 43.825250745000062, 40.057265920000134 ], [ 43.824861291000161, 40.054959188000055 ], [ 43.824908389000143, 40.05221726000002 ], [ 43.825092806000043, 40.049806441000158 ], [ 43.826556505999974, 40.047848208000062 ], [ 43.829693440000028, 40.047989845000131 ], [ 43.832826640000064, 40.048351170999979 ], [ 43.835109448000139, 40.048264241000084 ], [ 43.837121224000157, 40.047295300000144 ], [ 43.841149465000115, 40.045472499000027 ], [ 43.844020790000116, 40.044402126000193 ], [ 43.846610947000102, 40.043444022000131 ], [ 43.849608453000144, 40.043363919000171 ], [ 43.852594900000042, 40.043943065000121 ], [ 43.853452755000092, 40.043951557000128 ], [ 43.856019515000185, 40.043976931000088 ], [ 43.858166516000097, 40.043448581000064 ], [ 43.860333614000183, 40.041711423000038 ], [ 43.861942759000158, 40.039534354000125 ], [ 43.863543168000149, 40.037467081000045 ], [ 43.865714839000134, 40.035845004000066 ], [ 43.869273402000147, 40.035989694000136 ], [ 43.871703725000089, 40.036013387000025 ], [ 43.874715341000012, 40.035053520000133 ], [ 43.877019217000054, 40.033652325000105 ], [ 43.878622242000063, 40.031804678000071 ], [ 43.88105459600007, 40.031278662000034 ], [ 43.882918701000051, 40.030527305000135 ], [ 43.88466264900012, 40.028790837000031 ], [ 43.888370652000049, 40.02893637700015 ], [ 43.890377559000058, 40.028186269000059 ], [ 43.892677334000041, 40.027004533000024 ], [ 43.89482147200016, 40.027025004000166 ], [ 43.8978146930001, 40.027163422000115 ], [ 43.899246149000078, 40.02662749700005 ], [ 43.901676408000128, 40.026210933000073 ], [ 43.903126942000085, 40.024905795000052 ], [ 43.904579095000088, 40.023495980000064 ], [ 43.906582162000177, 40.022965366 ], [ 43.90900699700012, 40.022878316000117 ], [ 43.910450246000096, 40.02201787600012 ], [ 43.912857685000063, 40.023024415000179 ], [ 43.915556208000169, 40.02370914300019 ], [ 43.920543531000078, 40.02430524600004 ], [ 43.924530464000156, 40.02445222700004 ], [ 43.926559165000072, 40.022712530000035 ], [ 43.928563684000096, 40.022076876000028 ], [ 43.930830179000111, 40.022971832 ], [ 43.932547123000063, 40.022877755000138 ], [ 43.934696237000082, 40.022133419 ], [ 43.936118753000187, 40.02258611600007 ], [ 43.93883112400016, 40.022391175000052 ], [ 43.941129968000155, 40.02120322900015 ], [ 43.942845160000104, 40.021218890000114 ], [ 43.945549002000178, 40.021573248000095 ], [ 43.947548334000089, 40.021261704000096 ], [ 43.949670358000162, 40.022270121000133 ], [ 43.951952278000135, 40.022620504000088 ], [ 43.952961144000085, 40.021640462000164 ], [ 43.954260974000192, 40.020772944000157 ], [ 43.956403177000084, 40.020462536000082 ], [ 43.958261292000032, 40.020479256000044 ], [ 43.959472284000071, 40.020076677000191 ], [ 43.959547471000178, 40.020056417000092 ], [ 43.961275976000081, 40.019192669000063 ], [ 43.963273509000089, 40.018990743000074 ], [ 43.965683223000156, 40.01989153500017 ], [ 43.967255465000051, 40.019905558000175 ], [ 43.969550437, 40.018936826000129 ], [ 43.971842254000194, 40.018627462000097 ], [ 43.974385130000087, 40.020188697000037 ], [ 43.976785265, 40.021743382000182 ], [ 43.978475655000068, 40.022967275000099 ], [ 43.978592866000099, 40.023324198000068 ], [ 43.978884886000117, 40.024284534000117 ], [ 43.978715802000124, 40.026036323000028 ], [ 43.979409234000116, 40.02747122400018 ], [ 43.983828910000057, 40.027839790000087 ], [ 43.985675628000081, 40.028180458000065 ], [ 43.986088204000112, 40.029283140000132 ], [ 43.98550988500017, 40.029717706000042 ], [ 43.984639212000161, 40.030584102000148 ], [ 43.985912779000103, 40.03147451100017 ], [ 43.989184230000149, 40.032162539000069 ], [ 43.992317642000046, 40.032519554000032 ], [ 43.99431548400014, 40.032317098000192 ], [ 43.997752546000129, 40.03146762300014 ], [ 43.997800352000183, 40.031457569000054 ], [ 44.00033539400016, 40.030830493 ], [ 44.001766075000148, 40.030298526000138 ], [ 44.003070265000019, 40.029100776000178 ], [ 44.003933957000072, 40.028228947000059 ], [ 44.005377749, 40.027257419000136 ], [ 44.007238827000151, 40.026613936000103 ], [ 44.009101908000048, 40.026300162000098 ], [ 44.010540367000146, 40.025218615000028 ], [ 44.011993590000031, 40.023582407000163 ], [ 44.014562881000074, 40.023384471000156 ], [ 44.017256176000046, 40.024506418000158 ], [ 44.019406615000094, 40.024085007 ], [ 44.021817269000053, 40.024984641 ], [ 44.025382504000106, 40.025124591000065 ], [ 44.027662812000131, 40.025143748000119 ], [ 44.02994000800004, 40.025382649999983 ], [ 44.031796744000189, 40.025508087000162 ], [ 44.034650401000135, 40.025421989000165 ], [ 44.036627900999974, 40.026642194000146 ], [ 44.038486229000114, 40.026657630000159 ], [ 44.041896346000101, 40.027675044000148 ], [ 44.043461996000133, 40.027687979000063 ], [ 44.046606226000051, 40.027274263000095 ], [ 44.048038782000106, 40.027066226000045 ], [ 44.050162501000045, 40.028072822000183 ], [ 44.052734907000058, 40.027654250000182 ], [ 44.053884589000177, 40.027224014000126 ], [ 44.057445487999985, 40.027692664000028 ], [ 44.05985232900008, 40.02891596600017 ], [ 44.062254669000083, 40.030474138000102 ], [ 44.064378078, 40.032024774000149 ], [ 44.066934079000191, 40.032814737000081 ], [ 44.069365101000074, 40.032284751000077 ], [ 44.070514760000094, 40.03185435000006 ], [ 44.072802762000038, 40.031323144000169 ], [ 44.07508472100011, 40.031236708000165 ], [ 44.077928294000117, 40.031913583000119 ], [ 44.079629053000076, 40.033026180000036 ], [ 44.080326225000192, 40.034345372000132 ], [ 44.082164717000069, 40.035349117000123 ], [ 44.085589149999976, 40.035376193000047 ], [ 44.088734964000025, 40.034851440000068 ], [ 44.092605690000028, 40.033568161000062 ], [ 44.09604165200011, 40.032715757000062 ], [ 44.099624826000081, 40.031534672000078 ], [ 44.103052286000036, 40.030797135000114 ], [ 44.105625559000032, 40.030817026000079 ], [ 44.10819202800019, 40.030836808000117 ], [ 44.110894324000128, 40.031407113000114 ], [ 44.114160053000091, 40.032635877000189 ], [ 44.114854805000164, 40.033666992000121 ], [ 44.11542265800017, 40.034508720000133 ], [ 44.116416625000113, 40.034516304000078 ], [ 44.119981191000136, 40.034763247000171 ], [ 44.123264069000186, 40.034678227000029 ], [ 44.125698887000169, 40.033822597000153 ], [ 44.127076825000131, 40.03308456600007 ], [ 44.127714424000089, 40.032738710000046 ], [ 44.129156764000015, 40.03121608400005 ], [ 44.13230903699997, 40.030140655000139 ], [ 44.134599166000044, 40.029937966000148 ], [ 44.13687693300011, 40.030174771000134 ], [ 44.139424062000103, 40.031732426000133 ], [ 44.140848241000072, 40.032177393000097 ], [ 44.143836806000195, 40.032749053000146 ], [ 44.148114885000041, 40.032560768999986 ], [ 44.151968135000175, 40.032589035000058 ], [ 44.155832165000106, 40.031743221000056 ], [ 44.158824958000025, 40.031979568000168 ], [ 44.162100948000045, 40.032442936000109 ], [ 44.164814503000116, 40.032132803000138 ], [ 44.166535368000098, 40.031710796000084 ], [ 44.168973619000155, 40.030519321000043 ], [ 44.169554795000124, 40.029754132000051 ], [ 44.170421661000034, 40.028446679000126 ], [ 44.171856549000097, 40.028017310000052 ], [ 44.174707547000139, 40.028147559000047 ], [ 44.176265529000034, 40.029367634000039 ], [ 44.178105385000038, 40.030364638000094 ], [ 44.180524978000165, 40.03071149900012 ], [ 44.18309149300012, 40.030729622000081 ], [ 44.186940759000152, 40.031086420000122 ], [ 44.189082607000046, 40.031321246 ], [ 44.190632875000063, 40.032645748 ], [ 44.190760254000054, 40.033965534000174 ], [ 44.19053057800005, 40.034963570000116 ], [ 44.190308013000049, 40.035935485000152 ], [ 44.18971666900012, 40.03757473800016 ], [ 44.189985718000116, 40.039005422000059 ], [ 44.192116212000144, 40.040224050000177 ], [ 44.19410727900015, 40.040567640000177 ], [ 44.195959255000048, 40.040580507000072 ], [ 44.199241067000173, 40.040603234000116 ], [ 44.20238502300009, 40.040185288000146 ], [ 44.206104632000063, 40.039446712000142 ], [ 44.208970154000042, 40.038367230000176 ], [ 44.211126243000194, 40.037392757000134 ], [ 44.212278368, 40.03608693200016 ], [ 44.212706133000154, 40.035006460000147 ], [ 44.213014657000087, 40.034228731000155 ], [ 44.214582293000149, 40.034679 ], [ 44.216854295000189, 40.03545850200004 ], [ 44.21898832800008, 40.035802631000024 ], [ 44.21908842300013, 40.035981252000113 ], [ 44.219408480000027, 40.036574819000123 ], [ 44.219389742000089, 40.038218080000092 ], [ 44.219793688000095, 40.040413729000136 ], [ 44.220060872000033, 40.042064148000179 ], [ 44.221319754000092, 40.043935818000136 ], [ 44.223168722000139, 40.04482226000016 ], [ 44.225024500000188, 40.044510197000136 ], [ 44.226468091000186, 40.043310856000119 ], [ 44.228469340000117, 40.042774659000088 ], [ 44.230606765000118, 40.043448321000028 ], [ 44.232015124000043, 40.044771327000092 ], [ 44.233716279000191, 40.046101487000044 ], [ 44.236130595000134, 40.046996694000086 ], [ 44.238694145000125, 40.047338057 ], [ 44.2414074510001, 40.047073233000106 ], [ 44.241836911000121, 40.047034175000078 ], [ 44.244251425000073, 40.047923980000064 ], [ 44.245668104000117, 40.049142200000176 ], [ 44.248083951000069, 40.049922026000047 ], [ 44.25017454500005, 40.049935575000177 ], [ 44.250651228000152, 40.049938659000077 ], [ 44.254223079000155, 40.049637216000065 ], [ 44.256512698000165, 40.048882575000107 ], [ 44.259384651, 40.047801888000095 ], [ 44.261957725000116, 40.047274000000129 ], [ 44.265239910000162, 40.047294861000182 ], [ 44.268230278000146, 40.047858094000162 ], [ 44.270354424000061, 40.049190388000056 ], [ 44.27234946699997, 40.049862383000175 ], [ 44.2746296360001, 40.04998135600016 ], [ 44.278909610000028, 40.049683582 ], [ 44.281069700000046, 40.048268199000063 ], [ 44.2823636870001, 40.046962557000029 ], [ 44.283523793000143, 40.045431022000059 ], [ 44.285109328000146, 40.044237058000192 ], [ 44.286680036000064, 40.043807106000145 ], [ 44.28967608500011, 40.043825512000069 ], [ 44.293810416000099, 40.044400326000016 ], [ 44.295520674000045, 40.044300829000065 ], [ 44.296266103000164, 40.04134306800006 ], [ 44.296568967000042, 40.039701515 ], [ 44.297876123000151, 40.037731092000115 ], [ 44.299163964000059, 40.03697476300016 ], [ 44.300740105000159, 40.036654560000045 ], [ 44.302444562000062, 40.037104468000166 ], [ 44.305145498000059, 40.037994730000094 ], [ 44.308991430000162, 40.038787090000142 ], [ 44.311550587000056, 40.039571683000133 ], [ 44.314401280000141, 40.039808403000166 ], [ 44.317402652000112, 40.039276581000024 ], [ 44.31884452900016, 40.038076072000081 ], [ 44.319573588000139, 40.036656779000168 ], [ 44.320157511000048, 40.035451212000169 ], [ 44.322737280000069, 40.034152650000181 ], [ 44.324606430000188, 40.032410256000048 ], [ 44.326615584000137, 40.0316525880001 ], [ 44.329042482000034, 40.031336941000177 ], [ 44.331318876000125, 40.031789734000085 ], [ 44.334159703000068, 40.033015089000116 ], [ 44.336443047000159, 40.033462588000077 ], [ 44.338449493000098, 40.032270299000118 ], [ 44.33932423400006, 40.030521984000131 ], [ 44.340192172000116, 40.028768389000106 ], [ 44.342633050000131, 40.027688408000188 ], [ 44.345346709000182, 40.027264135000166 ], [ 44.348197019000111, 40.027500021000151 ], [ 44.350615338000125, 40.028063143 ], [ 44.35289696600006, 40.02796599800007 ], [ 44.354623904000164, 40.026766632000147 ], [ 44.35563594700011, 40.025568500000134 ], [ 44.356361484000047, 40.023704080000016 ], [ 44.356949757000109, 40.021954037000114 ], [ 44.358396706, 40.020098838000138 ], [ 44.360124706000192, 40.018025355000134 ], [ 44.36184819500005, 40.017155586000172 ], [ 44.363420875000145, 40.016394872000092 ], [ 44.365853126000047, 40.015424258999985 ], [ 44.367149705000145, 40.014332256000159 ], [ 44.367878522000126, 40.012802739000165 ], [ 44.36888838100009, 40.011054929000181 ], [ 44.370613603000038, 40.009965219000037 ], [ 44.373191512000062, 40.008660280000186 ], [ 44.375625354000192, 40.007469650000075 ], [ 44.378074894000179, 40.005289868000034 ], [ 44.380218778000085, 40.004531987000121 ], [ 44.381789975000174, 40.003880923000054 ], [ 44.38407559000018, 40.004003002000104 ], [ 44.385921730000177, 40.004562346000057 ], [ 44.389194117000102, 40.005458914000144 ], [ 44.39119494300013, 40.005469442000106 ], [ 44.39376160300003, 40.005372987000044 ], [ 44.39554769700004, 40.005036887000131 ], [ 44.396045329000174, 40.004945273000033 ], [ 44.397622227000056, 40.004403933000162 ], [ 44.399482889000183, 40.003319728000065 ], [ 44.401336819000107, 40.002999591000162 ], [ 44.404324467000038, 40.003784352000139 ], [ 44.408175412000048, 40.003908757000033 ], [ 44.411171633000095, 40.003709433999973 ], [ 44.413744783000027, 40.002843202000065 ], [ 44.415751163000095, 40.002193877000082 ], [ 44.419398192000131, 40.001145112000074 ], [ 44.420473055000173, 39.999914716999967 ], [ 44.420991079000032, 39.999011860000167 ], [ 44.421343432000185, 39.998385565000092 ], [ 44.422206403000075, 39.99773041200018 ], [ 44.422506047000184, 39.996088494000048 ], [ 44.423088735000078, 39.994772480000051 ], [ 44.424520059000031, 39.993685732000188 ], [ 44.425961866000193, 39.992154145000029 ], [ 44.427104561000135, 39.991395664000038 ], [ 44.42797105600016, 39.990300846000082 ], [ 44.429971045000173, 39.989541331 ], [ 44.43169107500006, 39.988895552000145 ], [ 44.43326233900018, 39.988133876000177 ], [ 44.435703033000152, 39.98672219000008 ], [ 44.438994118000039, 39.98530933700016 ], [ 44.441798275000167, 39.984354621000023 ], [ 44.450575211000057, 39.980947476000154 ], [ 44.451293689000124, 39.980432732000168 ], [ 44.452164006000146, 39.978793431000156 ], [ 44.452323497000066, 39.976711126000112 ], [ 44.451481288000139, 39.974838670000054 ], [ 44.452065827000069, 39.973198016000026 ], [ 44.453498868000111, 39.971781181000097 ], [ 44.455642627000088, 39.970802076000041 ], [ 44.458215584000072, 39.970594310000081 ], [ 44.460919389000082, 39.971046557000079 ], [ 44.462618996000117, 39.972043640999971 ], [ 44.463065286000074, 39.972385907000046 ], [ 44.463896944000112, 39.973033516999976 ], [ 44.466606009000031, 39.972826194000163 ], [ 44.469032721000076, 39.972183107000149 ], [ 44.471752738000134, 39.970546880000029 ], [ 44.473475277000148, 39.969460847000164 ], [ 44.475898489000087, 39.969252007000136 ], [ 44.477191610000034, 39.968268653000109 ], [ 44.478012102999969, 39.967712331000087 ], [ 44.47847705800018, 39.967395160000024 ], [ 44.480480925000165, 39.966859840000154 ], [ 44.483771798000021, 39.965225885000052 ], [ 44.486061834000168, 39.963702547000139 ], [ 44.487779634000162, 39.962286547000019 ], [ 44.489939175000075, 39.959993181000186 ], [ 44.491088001000094, 39.95823966100005 ], [ 44.492669544000137, 39.95682298800017 ], [ 44.493392552000103, 39.955617133000146 ], [ 44.493548299000111, 39.953864476000149 ], [ 44.493992083000194, 39.951783343000159 ], [ 44.49471141000015, 39.950143053000147 ], [ 44.495861907, 39.949048954000148 ], [ 44.498293129000103, 39.94763589300004 ], [ 44.500301902000103, 39.946325638000076 ], [ 44.502450536000083, 39.944471628000144 ], [ 44.502895578000164, 39.942170641000075 ], [ 44.502909856000088, 39.940197538000177 ], [ 44.502922580000075, 39.938439017000064 ], [ 44.503364387000147, 39.936577656000168 ], [ 44.504077018000032, 39.935811329000046 ], [ 44.505940945000134, 39.934725409000123 ], [ 44.507375222000064, 39.932868257000109 ], [ 44.509240625000132, 39.931557233000149 ], [ 44.511522758000069, 39.930907403000049 ], [ 44.51465676600003, 39.930920564000132 ], [ 44.516377633, 39.929833876000146 ], [ 44.518101665000188, 39.927318329000059 ], [ 44.519405651000113, 39.924581192000176 ], [ 44.5207027350001, 39.921844011000132 ], [ 44.521281334000093, 39.920752521000054 ], [ 44.522993524000015, 39.920864254000151 ], [ 44.524838591, 39.921421387000123 ], [ 44.527398928000025, 39.921761585000013 ], [ 44.529190106999977, 39.922255622000137 ], [ 44.529814290000047, 39.922430873000167 ], [ 44.533089174000111, 39.922663929000066 ], [ 44.536228007000034, 39.921907144999977 ], [ 44.537667996000039, 39.920049635000169 ], [ 44.537909171000194, 39.919563845000084 ], [ 44.539252686000111, 39.916873742000178 ], [ 44.539693366000108, 39.915012230000173 ], [ 44.541278776000013, 39.912715603000152 ], [ 44.542716753000093, 39.910088636000125 ], [ 44.544867028999988, 39.908668243000079 ], [ 44.546725679000133, 39.907141993000096 ], [ 44.548729463000029, 39.906270514000028 ], [ 44.553032887000086, 39.900807290000103 ], [ 44.55289947000017, 39.899377921000053 ], [ 44.552484922000133, 39.897293230000116 ], [ 44.553212637000058, 39.895103030000087 ], [ 44.553221167000061, 39.893789353000045 ], [ 44.552950786000167, 39.891480157999979 ], [ 44.55252842100009, 39.890604466000184 ], [ 44.551545759000192, 39.889171813000075 ], [ 44.550845962000096, 39.887086009000143 ], [ 44.551428084000122, 39.885334901000192 ], [ 44.552433526000186, 39.88325568800019 ], [ 44.554157584000166, 39.881399054000042 ], [ 44.555582378000111, 39.88063513600008 ], [ 44.55730349300012, 39.87921285900012 ], [ 44.560156840000047, 39.87812982500003 ], [ 44.561871004000125, 39.876707452000176 ], [ 44.562594707000073, 39.875066732000164 ], [ 44.563893829999984, 39.872658784000066 ], [ 44.565039265000166, 39.8709097200001 ], [ 44.566757865999989, 39.869817027000181 ], [ 44.569180705000178, 39.869061897000051 ], [ 44.570751765000125, 39.868737984000177 ], [ 44.572032113000034, 39.868193153000107 ], [ 44.572895421000055, 39.866987297000037 ], [ 44.573616716000117, 39.865676233000045 ], [ 44.574481289000175, 39.864255778000029 ], [ 44.57605151100006, 39.86294257600008 ], [ 44.578471350000029, 39.862621657000091 ], [ 44.580324118000192, 39.862848200000087 ], [ 44.582165440000097, 39.863844061000179 ], [ 44.582436760000178, 39.863902612000118 ], [ 44.583732336000082, 39.864179433000061 ], [ 44.585441698000125, 39.863416166000036 ], [ 44.587015190000102, 39.862652390000051 ], [ 44.588725103000115, 39.861784397000122 ], [ 44.590717633000111, 39.861351794000086 ], [ 44.592010336000044, 39.859817570000189 ], [ 44.593019020000042, 39.858067742000173 ], [ 44.593744375000085, 39.855987175000053 ], [ 44.593694214000095, 39.855280417000188 ], [ 44.593614050000042, 39.853903608000053 ], [ 44.594472597000106, 39.85225792000017 ], [ 44.596053434000112, 39.850180323000131 ], [ 44.595637216000114, 39.848205674000042 ], [ 44.596083647, 39.845024985000066 ], [ 44.596095853000122, 39.842941913000175 ], [ 44.594255826000051, 39.840632551000056 ], [ 44.591710493000051, 39.838210766000145 ], [ 44.590022057000112, 39.83557212900007 ], [ 44.589460915000075, 39.834036593000178 ], [ 44.589896453000051, 39.832719174000147 ], [ 44.591323070000044, 39.831410483000127 ], [ 44.592614513000058, 39.829991386000074 ], [ 44.593334423000101, 39.828784865000159 ], [ 44.593630509000093, 39.826922609000064 ], [ 44.593921433000162, 39.825934407000034 ], [ 44.595203997000056, 39.824844988000052 ], [ 44.59734117000005, 39.82386320400019 ], [ 44.600199660000158, 39.822559361 ], [ 44.602619871000115, 39.821908195000162 ], [ 44.604749922000053, 39.822135297000102 ], [ 44.606168453000066, 39.823343936000185 ], [ 44.607095544000117, 39.823844306000183 ], [ 44.60800910200004, 39.824339390000148 ], [ 44.609565928000109, 39.826317848000031 ], [ 44.611403639000173, 39.827857571000152 ], [ 44.613106250999977, 39.829292136000106 ], [ 44.615808626000046, 39.82919120300005 ], [ 44.618515249000097, 39.828320826000038 ], [ 44.620224519000089, 39.827342446999978 ], [ 44.620484629000146, 39.826950750000037 ], [ 44.621518338000158, 39.825368232000187 ], [ 44.621530370000073, 39.823175236000111 ], [ 44.62039846600004, 39.821637982000084 ], [ 44.619417756000075, 39.819771473000117 ], [ 44.616429395000182, 39.818882324000185 ], [ 44.613733578000108, 39.81788415799997 ], [ 44.612463107000053, 39.816895933000012 ], [ 44.612759240000173, 39.814923710000187 ], [ 44.614610810000045, 39.813940652000042 ], [ 44.616744930000038, 39.813398152000104 ], [ 44.620726358000127, 39.81385088900015 ], [ 44.622434836000139, 39.814186202000087 ], [ 44.623486258000071, 39.814289064000093 ], [ 44.625846844000137, 39.814526995000108 ], [ 44.628265350000049, 39.814095114 ], [ 44.630116679000025, 39.813111807000098 ], [ 44.630980013000055, 39.811580997000078 ], [ 44.632272026000123, 39.809831712000062 ], [ 44.632888263000041, 39.808807801000171 ], [ 44.633127927000146, 39.808405542000173 ], [ 44.634276153000144, 39.806875607000165 ], [ 44.636838583000042, 39.80611425800015 ], [ 44.639118215000167, 39.804917551000131 ], [ 44.64168559400008, 39.804485851000152 ], [ 44.64313243100014, 39.804212908000181 ], [ 44.644531729000107, 39.80394503500014 ], [ 44.645246424000163, 39.803523269000038 ], [ 44.647097844000086, 39.802419306000104 ], [ 44.649948868000081, 39.800889146000145 ], [ 44.651661450000177, 39.79903099500018 ], [ 44.652956019000101, 39.796621998000035 ], [ 44.653963326000053, 39.794651786000088 ], [ 44.655674, 39.793123310000112 ], [ 44.6565349010001, 39.791916805000028 ], [ 44.658384147000163, 39.791152864000139 ], [ 44.660664863000193, 39.790939727000193 ], [ 44.663363532000119, 39.791277330000128 ], [ 44.665206291000118, 39.791832232000047 ], [ 44.666526478000151, 39.792422242000043 ], [ 44.667196757000113, 39.792717271000186 ], [ 44.669468610000081, 39.792943591999972 ], [ 44.672030139000185, 39.792181460000165 ], [ 44.673317654000016, 39.791085949000035 ], [ 44.67559925900008, 39.789229041000056 ], [ 44.677538791000131, 39.787957346999974 ], [ 44.677593237000053, 39.787920860000099 ], [ 44.679017434000173, 39.788034722000077 ], [ 44.679071417000102, 39.788097680000135 ], [ 44.679584284000043, 39.788690541000108 ], [ 44.679859549000128, 39.790779671999985 ], [ 44.680557038000018, 39.792534988000114 ], [ 44.680549944000177, 39.794068533000086 ], [ 44.681683226000132, 39.795500532000176 ], [ 44.684806655000045, 39.796493051000141 ], [ 44.68637303100013, 39.796717123 ], [ 44.688932536000095, 39.796394270000064 ], [ 44.691067973000088, 39.795306067000183 ], [ 44.692782209000029, 39.794321390000107 ], [ 44.694271847000152, 39.793482648000179 ], [ 44.69491800600008, 39.793123201000185 ], [ 44.697340638000128, 39.791480831 ], [ 44.697630866000168, 39.790277764000052 ], [ 44.696927145000132, 39.788302705000149 ], [ 44.694803164000177, 39.786868252000033 ], [ 44.692392359000053, 39.785877892000144 ], [ 44.689269324000065, 39.784880342000065 ], [ 44.687708151000095, 39.783562413000141 ], [ 44.687295666000182, 39.780269103000137 ], [ 44.686740579000173, 39.778514208000161 ], [ 44.686038310000072, 39.776314020000029 ], [ 44.68618822000019, 39.774670941000068 ], [ 44.68718598200013, 39.773030149000192 ], [ 44.688472900000079, 39.771934465000129 ], [ 44.690037349000079, 39.770954655000082 ], [ 44.690893440000139, 39.770627194000042 ], [ 44.692460229000176, 39.770631357000127 ], [ 44.695015829000056, 39.770967844000154 ], [ 44.696572489000062, 39.771736093000072 ], [ 44.698484060000055, 39.772008010000093 ], [ 44.699697427, 39.772183879000181 ], [ 44.703394523000043, 39.77208347100003 ], [ 44.706664760000137, 39.771871953000129 ], [ 44.710222597000097, 39.771006807000106 ], [ 44.710708439000143, 39.769987383000114 ], [ 44.710797402000139, 39.769799179000188 ], [ 44.711658861000103, 39.768157835000125 ], [ 44.712237256000094, 39.766076124000108 ], [ 44.713233385000137, 39.764649697000095 ], [ 44.713951848000193, 39.763117896000097 ], [ 44.714673453000103, 39.760816694000141 ], [ 44.714968685000031, 39.758294610000178 ], [ 44.716115153000032, 39.754895289 ], [ 44.716691049000076, 39.753363120000188 ], [ 44.717552611000144, 39.751611813000125 ], [ 44.718269071000066, 39.750514403000068 ], [ 44.719124669000166, 39.748543238000138 ], [ 44.720268681000164, 39.747336933999975 ], [ 44.72112830400016, 39.74602525500012 ], [ 44.721704035000073, 39.7444878230001 ], [ 44.722274705000018, 39.742515950000097 ], [ 44.724413855000137, 39.741646960000139 ], [ 44.726545323999972, 39.74099250900008 ], [ 44.728389848000177, 39.740886924000108 ], [ 44.730665703000113, 39.7414418030001 ], [ 44.732789910000122, 39.74265054600005 ], [ 44.733836508000195, 39.743767805000175 ], [ 44.73392428600016, 39.743862219000164 ], [ 44.735476991000098, 39.74561917800014 ], [ 44.737040713000169, 39.746282222000104 ], [ 44.739028163000114, 39.7460668760001 ], [ 44.74201475600006, 39.745194230000152 ], [ 44.744431727000119, 39.744325489000119 ], [ 44.745290874000091, 39.743008394000128 ], [ 44.745156574000134, 39.74081502700011 ], [ 44.744880316000035, 39.738511432000053 ], [ 44.744739491000189, 39.738092397000116 ], [ 44.744182948000059, 39.736426739000137 ], [ 44.743764378000037, 39.734122826000032 ], [ 44.744332728000188, 39.732585262000157 ], [ 44.745050165000123, 39.731053257000156 ], [ 44.746334176000062, 39.73028666100015 ], [ 44.748038816000076, 39.729416283000035 ], [ 44.749608656000078, 39.728320524000083 ], [ 44.750182793000079, 39.727008007999984 ], [ 44.750045210000167, 39.725688725000168 ], [ 44.749341034000167, 39.723604043000194 ], [ 44.748352631000159, 39.721408826000186 ], [ 44.748358623000115, 39.719760103000112 ], [ 44.74865322300019, 39.71702331500012 ], [ 44.750222375000135, 39.71603745900012 ], [ 44.751927026000089, 39.715051872000174 ], [ 44.753778754000166, 39.714621384000111 ], [ 44.757179763000124, 39.714953060000028 ], [ 44.759740408000141, 39.715288135000094 ], [ 44.761487443000192, 39.715726166000024 ], [ 44.763288682999985, 39.71617475 ], [ 44.767826923000143, 39.716953324000144 ], [ 44.776204928000141, 39.718723194000177 ], [ 44.785714572000018, 39.720714385000178 ], [ 44.790821378000146, 39.721932772000173 ], [ 44.797066769000082, 39.723257611000122 ], [ 44.811825706999969, 39.727124286000048 ], [ 44.824034318000031, 39.72955634300007 ], [ 44.825314392000053, 39.729992705000143 ], [ 44.82758471600016, 39.730215930000043 ], [ 44.830287279000174, 39.731099237000194 ], [ 44.831703252000182, 39.731431045000136 ], [ 44.83368709500013, 39.732417910000152 ], [ 44.835679849000144, 39.73253066400008 ], [ 44.837239271000044, 39.73242294500011 ], [ 44.839802470000109, 39.732101997000029 ], [ 44.843069180000043, 39.732430971999975 ], [ 44.844200525000133, 39.732762243000138 ], [ 44.846896621999974, 39.733645154000101 ], [ 44.850160583000161, 39.73529291300008 ], [ 44.853141119000043, 39.736395877000064 ], [ 44.855846083000188, 39.736399267000138 ], [ 44.858545391000064, 39.735853009999971 ], [ 44.861955602000023, 39.735747199 ], [ 44.863798489000033, 39.736298954000119 ], [ 44.865642686000115, 39.736191188000078 ], [ 44.868490844000064, 39.735754787000133 ], [ 44.871757652000156, 39.736198104000096 ], [ 44.875302060000138, 39.736861458000135 ], [ 44.878005891000157, 39.73751859000015 ], [ 44.879420503000119, 39.738839055000028 ], [ 44.881124817000114, 39.741253718999985 ], [ 44.883249430000092, 39.743778697000039 ], [ 44.884242801000141, 39.745752935000098 ], [ 44.885514229000194, 39.747727439000073 ], [ 44.886936512000034, 39.748718071000155 ], [ 44.889065612000138, 39.748720125000148 ], [ 44.890490403000172, 39.748171901000092 ], [ 44.891909413000178, 39.746969396000168 ], [ 44.893905043000075, 39.745542337000131 ], [ 44.895324439000092, 39.744010044000049 ], [ 44.896606209000083, 39.743791362000081 ], [ 44.899446749000106, 39.744013688 ], [ 44.90143457500011, 39.743136069000116 ], [ 44.903992470000105, 39.741824461000135 ], [ 44.904991832000178, 39.739846805000127 ], [ 44.905537067000068, 39.737753620000035 ], [ 44.905564321000043, 39.737654195000061 ], [ 44.905567464, 39.73535120400004 ], [ 44.905570307000175, 39.73326804400017 ], [ 44.905857711000124, 39.73129502900008 ], [ 44.906714212000054, 39.729542304000063 ], [ 44.907277875000034, 39.72877334500015 ], [ 44.908843737000097, 39.728774585000053 ], [ 44.910543758000188, 39.729869831000087 ], [ 44.910604774000092, 39.729864644000088 ], [ 44.912536977000173, 39.729656752000153 ], [ 44.914239795000185, 39.728558864999968 ], [ 44.915663570000106, 39.728340076999984 ], [ 44.917649564000158, 39.728451418000077 ], [ 44.919358794000175, 39.727573292000045 ], [ 44.92219911300009, 39.727465314000028 ], [ 44.924043341000072, 39.727032107000127 ], [ 44.926456822000034, 39.726703913000165 ], [ 44.928165669000123, 39.726045489000057 ], [ 44.931575945000191, 39.725278138000078 ], [ 44.93427411600004, 39.724845268000138 ], [ 44.937114200000053, 39.724846841000158 ], [ 44.940238690000115, 39.725173004000055 ], [ 44.943931605000046, 39.726713668000173 ], [ 44.946343962000071, 39.727698816000157 ], [ 44.949183599999969, 39.728469504000145 ], [ 44.951596858000187, 39.728360619000114 ], [ 44.954016158000172, 39.729350844000066 ], [ 44.957424894000098, 39.730885730000068 ], [ 44.960691607000115, 39.732095955000091 ], [ 44.963815904000057, 39.733630556000151 ], [ 44.966655611000135, 39.73516499200008 ], [ 44.969210707000116, 39.736704516000088 ], [ 44.972619925000117, 39.738788532000058 ], [ 44.977161433000049, 39.741312338000171 ], [ 44.981852262000075, 39.744495481000172 ], [ 44.988245649000191, 39.746359633000054 ], [ 44.991940751000186, 39.748003445000165 ], [ 44.996063262000177, 39.748773066000183 ], [ 44.99975190300006, 39.748883048000039 ], [ 45.002030196000192, 39.749212776000149 ], [ 45.00358978700018, 39.750086827000075 ], [ 45.00544095000015, 39.750416502000064 ], [ 45.008851640999978, 39.750196461000087 ], [ 45.007570383000029, 39.752939201000174 ], [ 45.007997776000138, 39.754582667000079 ], [ 45.008710157, 39.757435178000094 ], [ 45.01140956900008, 39.759847844000092 ], [ 45.011979459000145, 39.761166768000123 ], [ 45.011837322000019, 39.762810276000039 ], [ 45.013254964000112, 39.763909274000014 ], [ 45.015812284000106, 39.765992106000056 ], [ 45.018376103000094, 39.766431388000171 ], [ 45.020648344000051, 39.766975347000141 ], [ 45.023347952000108, 39.767634326000064 ], [ 45.025050664000162, 39.768513291000033 ], [ 45.026759606000155, 39.767853419000119 ], [ 45.029316408000113, 39.767413142000066 ], [ 45.031588619000104, 39.767632376000051 ], [ 45.034153193, 39.769275140000104 ], [ 45.036853782000094, 39.771362698000132 ], [ 45.03855730600003, 39.773225465000166 ], [ 45.038558101000149, 39.774649124000121 ], [ 45.038559082000177, 39.776407762000133 ], [ 45.039557420000165, 39.778490573000056 ], [ 45.039843275000067, 39.780133962999969 ], [ 45.042117073000099, 39.782216307000169 ], [ 45.044959730000016, 39.782544985000186 ], [ 45.047375851000027, 39.784077595000156 ], [ 45.048374339000191, 39.785835818000066 ], [ 45.048945534000154, 39.787698894000187 ], [ 45.048804456000028, 39.789672182000061 ], [ 45.050230102000171, 39.790880634000189 ], [ 45.052218108000034, 39.790989671000091 ], [ 45.054776384000093, 39.79153283100004 ], [ 45.057334796000077, 39.792191082000102 ], [ 45.061176384000134, 39.793727924000052 ], [ 45.062459738000086, 39.794821152000111 ], [ 45.064018687000043, 39.793066904000057 ], [ 45.064729359000182, 39.791203197000129 ], [ 45.066430852000053, 39.789663431000122 ], [ 45.068994882000084, 39.789112362000083 ], [ 45.070344681000108, 39.788792276000038 ], [ 45.070839832000161, 39.788676826000085 ], [ 45.071978713000135, 39.78779680800011 ], [ 45.072826765000116, 39.78779627900019 ], [ 45.076096490000054, 39.787464438000143 ], [ 45.07950890800015, 39.787352235000185 ], [ 45.081930407000186, 39.786910893000083 ], [ 45.083773750000034, 39.785266091000096 ], [ 45.0854745420001, 39.783621365000045 ], [ 45.086469865000083, 39.78208182100002 ], [ 45.08760816500012, 39.78098705400015 ], [ 45.089167008000061, 39.779886720000036 ], [ 45.091729770000029, 39.778790809000043 ], [ 45.096984073000158, 39.77669815600018 ], [ 45.101106571, 39.775490809000019 ], [ 45.1026652380001, 39.774500207000131 ], [ 45.101665541999978, 39.772747683000091 ], [ 45.101521970000192, 39.771978404000095 ], [ 45.102803447000099, 39.771652766000159 ], [ 45.104648043000111, 39.771431287000041 ], [ 45.105928645000063, 39.770550806000131 ], [ 45.107636178000178, 39.769450086000177 ], [ 45.11019025000013, 39.767584369000076 ], [ 45.111891571000115, 39.766923251000094 ], [ 45.113598206000177, 39.765388018000181 ], [ 45.114586586000087, 39.764287896000098 ], [ 45.116721657000085, 39.763521597000192 ], [ 45.119276394000167, 39.762309934000029 ], [ 45.121119541000155, 39.761433939000142 ], [ 45.122541385000034, 39.760113465000131 ], [ 45.123251316000051, 39.758908881000082 ], [ 45.124664909000046, 39.75682421800019 ], [ 45.125944985000103, 39.755943514000137 ], [ 45.125798589000055, 39.753750603000185 ], [ 45.126363790000028, 39.751337087000138 ], [ 45.127494567000042, 39.750456529000076 ], [ 45.129911172000106, 39.748260777000155 ], [ 45.132891022000081, 39.746394077000048 ], [ 45.135300749000066, 39.744308135000153 ], [ 45.136430647000111, 39.743097743000192 ], [ 45.135723585000051, 39.742109333000087 ], [ 45.134580506000077, 39.740027504000068 ], [ 45.135004422000122, 39.738383513000031 ], [ 45.134573472, 39.736410768000155 ], [ 45.134712211000021, 39.734547277000047 ], [ 45.135849171000132, 39.733556711000176 ], [ 45.137692426000172, 39.733224793000034 ], [ 45.138686974, 39.732239603000039 ], [ 45.13939500000015, 39.730370189000098 ], [ 45.139811742000177, 39.728616271000135 ], [ 45.138816567000163, 39.725874806000036 ], [ 45.139241833000028, 39.724994971000172 ], [ 45.140656486000069, 39.724009257000148 ], [ 45.142644289000145, 39.721593918000053 ], [ 45.144198641000173, 39.719398915000056 ], [ 45.146398989000147, 39.718260364000116 ], [ 45.146751035000136, 39.718076727000096 ], [ 45.147114411000189, 39.716846256000167 ], [ 45.147174996000103, 39.716652517 ], [ 45.148023089000048, 39.713908775 ], [ 45.148446056000125, 39.712044897000169 ], [ 45.150001902000099, 39.710723905000123 ], [ 45.151565440000127, 39.709847781000121 ], [ 45.153121178000049, 39.708526747000064 ], [ 45.153687744000024, 39.707322155000043 ], [ 45.155669803000194, 39.705780690000097 ], [ 45.156705958000032, 39.705501888000128 ], [ 45.158514124000078, 39.705012663000048 ], [ 45.159501183000089, 39.704022066000107 ], [ 45.161062916000105, 39.702486318000012 ], [ 45.16332694, 39.699960317000034 ], [ 45.166161777000184, 39.698197634999985 ], [ 45.169281856000168, 39.696769451000137 ], [ 45.171126143000038, 39.694573656000102 ], [ 45.172395256000186, 39.692708436000146 ], [ 45.172568398000124, 39.691499098000065 ], [ 45.172814699000128, 39.689745304000098 ], [ 45.17337912000005, 39.687881118000064 ], [ 45.17578725400017, 39.686448583000072 ], [ 45.178624620000107, 39.68600458800006 ], [ 45.180493636, 39.68572429000011 ], [ 45.183026262000112, 39.685343469000145 ], [ 45.185576661000027, 39.684020423999982 ], [ 45.186707640000066, 39.681385849000037 ], [ 45.186835597000083, 39.681108234000078 ], [ 45.188115062000179, 39.678311147000045 ], [ 45.186834238000074, 39.675575767 ], [ 45.184123205000049, 39.672397747000161 ], [ 45.178154997000036, 39.669334621000189 ], [ 45.175880274000065, 39.667035069000178 ], [ 45.17402987700018, 39.663745585000129 ], [ 45.173884643000065, 39.662541950000104 ], [ 45.17486867700012, 39.66067711900007 ], [ 45.17500562000015, 39.65858849 ], [ 45.175707773000056, 39.655080554000051 ], [ 45.176412357000117, 39.652556627000024 ], [ 45.177262995000149, 39.65156607800003 ], [ 45.181086933000188, 39.650905911000052 ], [ 45.184632884, 39.650130908000108 ], [ 45.187325926000085, 39.649467094000101 ], [ 45.187179603000175, 39.647933723000165 ], [ 45.184477577000052, 39.645195350000165 ], [ 45.182771268000181, 39.642565267000066 ], [ 45.180913, 39.638726304000102 ], [ 45.179916946999981, 39.635770550000132 ], [ 45.179483948000154, 39.633248353000113 ], [ 45.178057612000089, 39.631381950000105 ], [ 45.175640061000138, 39.628318408000155 ], [ 45.174639536000086, 39.626126799000076 ], [ 45.174774776000049, 39.623383889000138 ], [ 45.175907677000112, 39.621733414000119 ], [ 45.175906339000164, 39.621204764000026 ], [ 45.17590407300014, 39.620309723000162 ], [ 45.176041759000157, 39.618556065000178 ], [ 45.176176930000054, 39.615813150000179 ], [ 45.176313206000145, 39.613509903000136 ], [ 45.175316188000068, 39.612632069000142 ], [ 45.174460492000151, 39.611429495000095 ], [ 45.175452210000174, 39.610218904000021 ], [ 45.178140429000109, 39.608241525000096 ], [ 45.180969735000076, 39.605934110000078 ], [ 45.181251353999983, 39.604944409000154 ], [ 45.18040156100011, 39.603412113000047 ], [ 45.177691402000164, 39.599354555000048 ], [ 45.173997554000039, 39.594099776 ], [ 45.173149435000141, 39.593122247000053 ], [ 45.172857679000174, 39.592782458000102 ], [ 45.172925241000087, 39.59274571800006 ], [ 45.176256196000054, 39.591023895000149 ], [ 45.18036627500004, 39.589808487000141 ], [ 45.184751543000175, 39.587828302000162 ], [ 45.188860702000056, 39.586397992000116 ], [ 45.19339060700014, 39.585511195000038 ], [ 45.198493828000039, 39.584078885000167 ], [ 45.200190761000044, 39.583746219000034 ], [ 45.202319962000104, 39.583192940000174 ], [ 45.204160197000192, 39.583299640000121 ], [ 45.207418996000115, 39.582744277000074 ], [ 45.210395638000193, 39.582848844000125 ], [ 45.213938804000065, 39.582402701000035 ], [ 45.216064160000087, 39.582838442000138 ], [ 45.218483518000028, 39.584262857000112 ], [ 45.221749587000033, 39.586010130000034 ], [ 45.224588571000083, 39.587428381000052 ], [ 45.225721857000053, 39.588525368000091 ], [ 45.226012037000089, 39.590388180000048 ], [ 45.225165669000035, 39.59225319799998 ], [ 45.224184656000148, 39.594338306000054 ], [ 45.225186297000164, 39.596534732000066 ], [ 45.225898819000122, 39.599270832000116 ], [ 45.226476449000131, 39.602122341999973 ], [ 45.227761745000066, 39.604098353000154 ], [ 45.229462998000088, 39.604969115000074 ], [ 45.231170712000164, 39.605735156000151 ], [ 45.232872416000077, 39.606715785000176 ], [ 45.23528581100004, 39.608029937000026 ], [ 45.237981625000145, 39.608793871000159 ], [ 45.240541382000117, 39.609332955000184 ], [ 45.242383131000167, 39.609658881000144 ], [ 45.242955396000184, 39.610756864000166 ], [ 45.24352766100003, 39.611849610000149 ], [ 45.245796212000016, 39.612284504000058 ], [ 45.248630880000121, 39.612058637000132 ], [ 45.254019556000117, 39.612596569000061 ], [ 45.257424282000045, 39.612808910000126 ], [ 45.260545627000113, 39.613241623000135 ], [ 45.26366450900008, 39.613014752000083 ], [ 45.267635619000032, 39.612675919000026 ], [ 45.271039531000099, 39.612668027999973 ], [ 45.273449093000181, 39.612772299000028 ], [ 45.277849548000063, 39.613201530000083 ], [ 45.282525728000053, 39.613190252000038 ], [ 45.285653559000139, 39.613512357000161 ], [ 45.289905688000147, 39.61404617900007 ], [ 45.294445199000108, 39.61371024400006 ], [ 45.296993186000179, 39.612934335000091 ], [ 45.298271249000152, 39.612711226000044 ], [ 45.301104803000101, 39.612264246000166 ], [ 45.303372282000055, 39.612368265000157 ], [ 45.309172591000106, 39.609500349000029 ], [ 45.30887814800019, 39.607198093000136 ], [ 45.307735488000105, 39.604348497000046 ], [ 45.305648681000037, 39.602187054000183 ], [ 45.304880637000053, 39.601398710000183 ], [ 45.302314068000101, 39.597783359000061 ], [ 45.301879737000093, 39.595921117000159 ], [ 45.302154841000117, 39.593837194000173 ], [ 45.302814288999969, 39.591464388000134 ], [ 45.302854219000096, 39.591312492000156 ], [ 45.302848476000065, 39.589993490000097 ], [ 45.302251155000135, 39.589534436000122 ], [ 45.301287313000103, 39.588793683 ], [ 45.299575463000053, 39.587149337000028 ], [ 45.299707127000147, 39.584736032000137 ], [ 45.30054760500019, 39.581991140000184 ], [ 45.302376986000127, 39.579573425999968 ], [ 45.303159532000052, 39.579095074 ], [ 45.305061845000125, 39.57792286800003 ], [ 45.306335391000175, 39.576825569000107 ], [ 45.308592461000046, 39.574841067000193 ], [ 45.309299723000152, 39.574184911000089 ], [ 45.309578410000029, 39.572975066000083 ], [ 45.309574033000104, 39.571991046000051 ], [ 45.309849282000073, 39.570011781000119 ], [ 45.310126008000054, 39.568367500000079 ], [ 45.311245605000011, 39.566171371000166 ], [ 45.312655917000029, 39.56397444800001 ], [ 45.31462790400019, 39.561885908000079 ], [ 45.317598783000051, 39.560888559000034 ], [ 45.319868342000177, 39.560332742000185 ], [ 45.323266617000058, 39.559663828000055 ], [ 45.325957905000166, 39.559656311000083 ], [ 45.328507191000085, 39.559649133000164 ], [ 45.32992463700009, 39.559100759000103 ], [ 45.331614565000109, 39.557557089000113 ], [ 45.333159292000119, 39.555359532000068 ], [ 45.335139825000113, 39.553820210000083 ], [ 45.33767986100014, 39.551949474000025 ], [ 45.341637971000068, 39.549744766 ], [ 45.343045619, 39.548641432000068 ], [ 45.342897147000031, 39.54732284500011 ], [ 45.342746002000183, 39.545459905000143 ], [ 45.342600546000085, 39.543377109000119 ], [ 45.342593005000083, 39.541843501000074 ], [ 45.343574046000128, 39.540631497000163 ], [ 45.344706492000057, 39.539968630000089 ], [ 45.34824771500007, 39.539743471 ], [ 45.351506074000099, 39.539733663000106 ], [ 45.354196585000011, 39.539725496000074 ], [ 45.357171018000031, 39.539716394000038 ], [ 45.35915339200011, 39.540034808000087 ], [ 45.36198873, 39.54057560800004 ], [ 45.364260715000171, 39.540678429000138 ], [ 45.366243175000079, 39.541001956000173 ], [ 45.368650966000075, 39.541214182000147 ], [ 45.370636714000057, 39.540878111000097 ], [ 45.37318000200014, 39.539880703 ], [ 45.374874444, 39.539440810000144 ], [ 45.378416700000173, 39.539429332000054 ], [ 45.380546710000033, 39.539532297000164 ], [ 45.383239592999985, 39.539957891000029 ], [ 45.385505435000084, 39.540170236000108 ], [ 45.387065185000154, 39.539835296000092 ], [ 45.388612060000185, 39.538406423000083 ], [ 45.389887225000052, 39.537962478 ], [ 45.39101245400019, 39.537304419000179 ], [ 45.393138074000035, 39.536637735999989 ], [ 45.395828453000149, 39.536628605000033 ], [ 45.397239986000102, 39.536403952000057 ], [ 45.400212369000144, 39.536064000000124 ], [ 45.401769421000154, 39.535289196000178 ], [ 45.403318437000109, 39.534299796000028 ], [ 45.404588328000102, 39.532976355000187 ], [ 45.406137892000061, 39.532096834000185 ], [ 45.407157876000042, 39.530821347000085 ], [ 45.407547062000106, 39.530333198999983 ], [ 45.409243293000031, 39.529123365000089 ], [ 45.411362377000046, 39.528566290000072 ], [ 45.41589021600015, 39.528440260000139 ], [ 45.417875365000157, 39.528103384000133 ], [ 45.420278219000181, 39.527545127000053 ], [ 45.421832893000044, 39.526445540000111 ], [ 45.424943309000184, 39.525554859000067 ], [ 45.427062157000194, 39.524997499000108 ], [ 45.430176541000094, 39.524771412000177 ], [ 45.433291556000029, 39.524649924000073 ], [ 45.435555670000099, 39.524641463000137 ], [ 45.436141502999988, 39.524293807000163 ], [ 45.436686975000043, 39.523977705000107 ], [ 45.43724641600005, 39.522656573000063 ], [ 45.437385584000026, 39.522216374000152 ], [ 45.437935511000092, 39.520460832000026 ], [ 45.43849286000011, 39.518815179000171 ], [ 45.439615069000183, 39.516727711000158 ], [ 45.440880509000067, 39.514859527999988 ], [ 45.442138395000029, 39.512876205000111 ], [ 45.443018628000118, 39.512087717000099 ], [ 45.443972704000032, 39.511225660000093 ], [ 45.444809682000027, 39.510018583000146 ], [ 45.445645632000094, 39.507597157000134 ], [ 45.445633729000065, 39.505733809000162 ], [ 45.445848707000096, 39.504481998000074 ], [ 45.446043976000169, 39.503319244000124 ], [ 45.446605925000028, 39.502442966000103 ], [ 45.44787189200008, 39.501778579000131 ], [ 45.44943118600014, 39.501552723000088 ], [ 45.452549403000091, 39.502090225000131 ], [ 45.454105509000101, 39.502413916000194 ], [ 45.454288033000068, 39.502428906000034 ], [ 45.456093286000169, 39.502620739000179 ], [ 45.457508976000042, 39.50316477400014 ], [ 45.459359275000111, 39.5040368330001 ], [ 45.460920503000125, 39.505124613000191 ], [ 45.462767980000137, 39.505556952000177 ], [ 45.464322014000118, 39.505550756000048 ], [ 45.46545420200016, 39.505106551000154 ], [ 45.466429682000069, 39.503459086000134 ], [ 45.466700255000148, 39.501484687000129 ], [ 45.466713593000179, 39.501458462000187 ], [ 45.467243475000146, 39.499870354000052 ], [ 45.467891414000064, 39.498763320000137 ], [ 45.468984624000086, 39.497565505000068 ], [ 45.470726823000064, 39.495433355000046 ], [ 45.471808612000132, 39.493560339000112 ], [ 45.472233308000114, 39.491428270000029 ], [ 45.47288958200005, 39.490577652000184 ], [ 45.474783035000144, 39.490863055000034 ], [ 45.475080586000161, 39.490908948000026 ], [ 45.476082317000191, 39.492182011000125 ], [ 45.477187707000155, 39.493789632000187 ], [ 45.478959910000128, 39.496080185000096 ], [ 45.480625865000036, 39.498622394000165 ], [ 45.481403052000132, 39.499634624000066 ], [ 45.481730343000152, 39.500067711000156 ], [ 45.481757765000111, 39.500125175000107 ], [ 45.482294329000069, 39.501510027000108 ], [ 45.482742322000092, 39.502785326000037 ], [ 45.48373641000012, 39.503885621 ], [ 45.485834225000019, 39.505321527000149 ], [ 45.486827230000074, 39.506254303000048 ], [ 45.488262421000059, 39.507609189000107 ], [ 45.489587757000095, 39.508708042000137 ], [ 45.491352343000074, 39.509805023000069 ], [ 45.492349697000179, 39.51133443700013 ], [ 45.494551799000135, 39.512173037000025 ], [ 45.496536527000046, 39.512845029000061 ], [ 45.499284879000072, 39.513513709000108 ], [ 45.500497497000026, 39.51393246900011 ], [ 45.501705857, 39.514696693000133 ], [ 45.502925266000091, 39.516052326000136 ], [ 45.504252203000192, 39.517318498000066 ], [ 45.506121071000109, 39.517823330999988 ], [ 45.507992376000118, 39.517731422000111 ], [ 45.509709241000166, 39.517776249 ], [ 45.510736658000155, 39.51780314500013 ], [ 45.513262329000156, 39.518472472000155 ], [ 45.514811895000094, 39.51965379100011 ], [ 45.516904535000094, 39.52024120800013 ], [ 45.517685253000195, 39.522535560000108 ], [ 45.517776686000047, 39.52301670200012 ], [ 45.51803029000007, 39.524402643000087 ], [ 45.519027777000076, 39.525842840000166 ], [ 45.52122877700009, 39.526429694000058 ], [ 45.523315270000182, 39.526163842000074 ], [ 45.525619323000114, 39.526069700000107 ], [ 45.527062426000043, 39.526529011000036 ], [ 45.528261640000153, 39.526910901000178 ], [ 45.530030515000078, 39.528431242000124 ], [ 45.530709057000081, 39.530553239000085 ], [ 45.531308024000168, 39.531984679000061 ], [ 45.531493874000091, 39.532423504 ], [ 45.533380242000192, 39.535136656000134 ], [ 45.535708756000133, 39.538187963000098 ], [ 45.536381453999979, 39.540393697000184 ], [ 45.535953851000045, 39.541929293000067 ], [ 45.536629444000084, 39.543627294000146 ], [ 45.537731155000188, 39.544470143000126 ], [ 45.540158630000064, 39.545395810000059 ], [ 45.543354069000031, 39.546825556000101 ], [ 45.546657261000121, 39.547323020000192 ], [ 45.550056495000035, 39.547134254000014 ], [ 45.553019002000099, 39.546439750000104 ], [ 45.554436021000186, 39.545244835000119 ], [ 45.556729739000104, 39.543783997000048 ], [ 45.558596881000028, 39.543094592000102 ], [ 45.560132837000083, 39.543259929000044 ], [ 45.561790562000056, 39.544272598000077 ], [ 45.563556500000118, 39.545284719000051 ], [ 45.564779005000105, 39.546807171000069 ], [ 45.565452070000106, 39.548934218000113 ], [ 45.565795761000061, 39.550460930000156 ], [ 45.566459189000057, 39.55139462000011 ], [ 45.568127574000187, 39.553679053000053 ], [ 45.569570886, 39.555713324000067 ], [ 45.571132750000118, 39.558176197000137 ], [ 45.572138788000075, 39.560463821999974 ], [ 45.573584472000107, 39.562754503000065 ], [ 45.574810358000093, 39.564622284000166 ], [ 45.576144465000084, 39.566484280000054 ], [ 45.578021508000063, 39.567752099000018 ], [ 45.579895043000079, 39.568590702000051 ], [ 45.583196668000141, 39.568746908000037 ], [ 45.58561235000019, 39.568902254000079 ], [ 45.587815968000086, 39.569571572000029 ], [ 45.589688249000176, 39.570242529000041 ], [ 45.592443608000167, 39.570568736000098 ], [ 45.59408407300009, 39.57022014000006 ], [ 45.595617259000107, 39.569191628000056 ], [ 45.597371922000093, 39.568758654000078 ], [ 45.599683128000038, 39.569343446000175 ], [ 45.601990660000183, 39.569499010000072 ], [ 45.603638540000077, 39.569233987000075 ], [ 45.606159674000139, 39.568289182000171 ], [ 45.608232127000122, 39.567084962000024 ], [ 45.610095656, 39.565970783000068 ], [ 45.611953098000072, 39.564940353000111 ], [ 45.613156076000109, 39.564086076000194 ], [ 45.614685823000116, 39.563481299000159 ], [ 45.615787308000051, 39.563391721000016 ], [ 45.616775318000066, 39.563470229000131 ], [ 45.617984204000095, 39.563291079000066 ], [ 45.61951920000007, 39.563282907000087 ], [ 45.621383297000023, 39.563021714000058 ], [ 45.623031695000179, 39.562840161000054 ], [ 45.624575743000037, 39.563088348000065 ], [ 45.625137992000134, 39.564702684000054 ], [ 45.625045820000139, 39.566488033000098 ], [ 45.625382640000112, 39.567847105000112 ], [ 45.626267890000179, 39.568522780000137 ], [ 45.627917964000062, 39.568513876000111 ], [ 45.62988956200013, 39.568162985000129 ], [ 45.632312839000178, 39.568401065000103 ], [ 45.634515351000175, 39.568902009000169 ], [ 45.636173180000128, 39.56974088000004 ], [ 45.638491743000031, 39.571089048000033 ], [ 45.641246854000144, 39.572094539000148 ], [ 45.643560898000146, 39.572934916000122 ], [ 45.645770723000112, 39.574199792000172 ], [ 45.649859940000113, 39.576809778000097 ], [ 45.653404855000076, 39.579768133000186 ], [ 45.654734995000183, 39.580954033000069 ], [ 45.656058717000121, 39.581454280000173 ], [ 45.657065057000068, 39.582725727000138 ], [ 45.658163191000142, 39.582970751000175 ], [ 45.660253254000168, 39.582958894000171 ], [ 45.661685326000168, 39.583463695000091 ], [ 45.662677706000181, 39.583965752000154 ], [ 45.666086785000118, 39.583946260000118 ], [ 45.669610634000094, 39.584606446000066 ], [ 45.672470851000185, 39.585186622000094 ], [ 45.675225537000017, 39.585343374000104 ], [ 45.677096573000142, 39.585756452000169 ], [ 45.677547817000175, 39.586941972000034 ], [ 45.677671801000145, 39.588558598000191 ], [ 45.678125574000092, 39.590000574000157 ], [ 45.679903508000109, 39.591947752000124 ], [ 45.682227811000132, 39.593718968000132 ], [ 45.684877900000117, 39.59489676000004 ], [ 45.687528905000192, 39.596158232000164 ], [ 45.688525019000167, 39.597000263000098 ], [ 45.688755841999978, 39.597763078000071 ], [ 45.689648003000173, 39.599034914000129 ], [ 45.690433611000174, 39.600474867000173 ], [ 45.69142899000019, 39.601233131000072 ], [ 45.692971582000098, 39.601904377000153 ], [ 45.694417839000153, 39.603089122000029 ], [ 45.695848842000146, 39.603420779000032 ], [ 45.696342542000139, 39.603396884000119 ], [ 45.698155170000177, 39.603323197000122 ], [ 45.701228472000082, 39.602791745000047 ], [ 45.703531328000054, 39.602353859000061 ], [ 45.706057423000061, 39.601914572000055 ], [ 45.708588660000146, 39.601982908000025 ], [ 45.71056425400019, 39.601970842000071 ], [ 45.712428110000019, 39.601619210000081 ], [ 45.714294356999972, 39.600843570000052 ], [ 45.715941905000079, 39.60117364700011 ], [ 45.717050804000053, 39.601758265000171 ], [ 45.718926959000157, 39.602599832000067 ], [ 45.721237618000089, 39.602925729000106 ], [ 45.722435428999972, 39.601641162000135 ], [ 45.723863859000062, 39.601716018000104 ], [ 45.72552446300017, 39.602642567000146 ], [ 45.727176187000055, 39.602715987000181 ], [ 45.728371614000082, 39.601860572000191 ], [ 45.730233178000105, 39.600655507000056 ], [ 45.731535505000124, 39.599035206000167 ], [ 45.732833249, 39.596985721000181 ], [ 45.735003178000056, 39.594250271000135 ], [ 45.735237918000109, 39.593416560000151 ], [ 45.735531322000043, 39.592373112000132 ], [ 45.736538606000124, 39.592303922000099 ], [ 45.736849563000135, 39.59228101399998 ], [ 45.738611121000076, 39.592526302000067 ], [ 45.741359403000104, 39.592676291000089 ], [ 45.744667523000089, 39.59393226200018 ], [ 45.747095765999973, 39.594513364000136 ], [ 45.749187939000194, 39.59466738499998 ], [ 45.751814336000166, 39.593546021000122 ], [ 45.753221484000051, 39.591668326000104 ], [ 45.755065406000028, 39.589526071000023 ], [ 45.756906483000193, 39.58713256600015 ], [ 45.759322531000066, 39.586609092000174 ], [ 45.762062244000049, 39.585994466000159 ], [ 45.766123719000063, 39.585627541000065 ], [ 45.768986822999977, 39.585781354000119 ], [ 45.772719599000141, 39.58566761100019 ], [ 45.777226383000141, 39.5858102790001 ], [ 45.780300212000043, 39.585449460000177 ], [ 45.782157489000156, 39.584583811000016 ], [ 45.782692053000119, 39.582795376000149 ], [ 45.782230402000039, 39.58084092200005 ], [ 45.781641976, 39.579641032999973 ], [ 45.781441251000047, 39.57923412100007 ], [ 45.780658772000038, 39.578218726000159 ], [ 45.781193205000079, 39.577021753000167 ], [ 45.782611699000029, 39.575651335000089 ], [ 45.785107455000116, 39.573252971000102 ], [ 45.785862107000071, 39.57180325000013 ], [ 45.786282466000102, 39.570099313000071 ], [ 45.786716291, 39.569588666000016 ], [ 45.788030113000048, 39.569150566000189 ], [ 45.789791252000157, 39.569395082000028 ], [ 45.790137622000032, 39.569523581000055 ], [ 45.791339872000037, 39.569981238000025 ], [ 45.792444095000178, 39.570737897000186 ], [ 45.794870951000064, 39.571234267000193 ], [ 45.797063955000169, 39.571386738000115 ], [ 45.798174065000183, 39.572059555000124 ], [ 45.800147806000155, 39.571962236000161 ], [ 45.80155599800014, 39.569738493999978 ], [ 45.802745048000133, 39.568458393000014 ], [ 45.804153086999975, 39.566234621000092 ], [ 45.805883669000025, 39.563841102000026 ], [ 45.807505134000166, 39.561961261000192 ], [ 45.806839364000155, 39.561112721000143 ], [ 45.806487373000039, 39.559330323999973 ], [ 45.805920010000079, 39.557633164000094 ], [ 45.806154849000052, 39.556307298000149 ], [ 45.806332889000032, 39.555332513000053 ], [ 45.806965060000039, 39.553286809999975 ], [ 45.808591071000194, 39.551239427000155 ], [ 45.809103981000192, 39.550576354999976 ], [ 45.810649411000156, 39.548587079000072 ], [ 45.811729713000034, 39.547302407000188 ], [ 45.812156255000161, 39.54619502200012 ], [ 45.812797928, 39.544405692000055 ], [ 45.814635837000139, 39.542011286000161 ], [ 45.816042221000146, 39.540300322000178 ], [ 45.816893049000043, 39.537912805000076 ], [ 45.818502371000136, 39.534499283000116 ], [ 45.818591520000155, 39.532881300000042 ], [ 45.818465433000085, 39.53135381400017 ], [ 45.818273300999977, 39.531109161000074 ], [ 45.817127545000062, 39.529662125000073 ], [ 45.817553837000162, 39.528549485000042 ], [ 45.818864783000095, 39.527948797000079 ], [ 45.819822995000152, 39.527816423000104 ], [ 45.820180634000167, 39.527766792000193 ], [ 45.822032916000126, 39.526649300000088 ], [ 45.822009836000177, 39.524691886000141 ], [ 45.822212792000073, 39.522989347000077 ], [ 45.822170331000052, 39.522827388000053 ], [ 45.821630583000115, 39.520611917000167 ], [ 45.820397732000174, 39.51807158400004 ], [ 45.819599400000016, 39.515695666999989 ], [ 45.820133745000078, 39.514587488000075 ], [ 45.821217092000097, 39.513046227000189 ], [ 45.823278146000121, 39.511330542000053 ], [ 45.824905687000069, 39.509534151000025 ], [ 45.825220662000106, 39.508171029000039 ], [ 45.825536615000033, 39.506891646000156 ], [ 45.826505924, 39.50544012600011 ], [ 45.826489804000119, 39.504079353000066 ], [ 45.825705554000081, 39.502896767000095 ], [ 45.82470409400014, 39.50162673400007 ], [ 45.823913846000153, 39.499931227000047 ], [ 45.822574407000047, 39.498066872000038 ], [ 45.820584823000104, 39.49663629600019 ], [ 45.820563839000158, 39.494851585000049 ], [ 45.819557862000124, 39.49375426600011 ], [ 45.817906385000185, 39.492912722000085 ], [ 45.815799215000084, 39.491226413000106 ], [ 45.81544242700005, 39.489020085000163 ], [ 45.815076681, 39.486044390000075 ], [ 45.815279710000027, 39.484341851000124 ], [ 45.818330949000142, 39.482451807000075 ], [ 45.820703582000078, 39.480880526000192 ], [ 45.821052011000063, 39.480642527000157 ], [ 45.822464052999976, 39.479528131000109 ], [ 45.823656911000114, 39.47815879400008 ], [ 45.825499791000027, 39.476360861000046 ], [ 45.828112440999973, 39.474557420000167 ], [ 45.831178039000179, 39.473938848000159 ], [ 45.832272748000037, 39.473423299000046 ], [ 45.833786389000124, 39.471795086000043 ], [ 45.834981959000118, 39.470682089000036 ], [ 45.83650563100008, 39.469901710000045 ], [ 45.838372052000068, 39.469548045000181 ], [ 45.83934467500012, 39.46843661000014 ], [ 45.839650012000106, 39.466309315999979 ], [ 45.839737605000153, 39.464607565000165 ], [ 45.841148017000137, 39.463409205000119 ], [ 45.842113321000056, 39.461701099000038 ], [ 45.841873676000034, 39.459745238000096 ], [ 45.841423533000182, 39.458811571000012 ], [ 45.839990757000123, 39.458141480000108 ], [ 45.839373912000156, 39.457941799000025 ], [ 45.83745550500015, 39.457311821000133 ], [ 45.835576820000028, 39.456048184999986 ], [ 45.833353226000099, 39.453598820000138 ], [ 45.831038947000195, 39.45259470700006 ], [ 45.82981733500003, 39.451493774000028 ], [ 45.828689752000059, 39.449209221999979 ], [ 45.826908373000037, 39.447007821 ], [ 45.825683723000111, 39.445064153000146 ], [ 45.82521579400003, 39.442596915000081 ], [ 45.824203479000062, 39.440902966000181 ], [ 45.821110313000077, 39.439056221000044 ], [ 45.819455154000025, 39.43779073900015 ], [ 45.818773774000135, 39.436094409000134 ], [ 45.818973647000064, 39.434140629000126 ], [ 45.817307920000133, 39.432534963000137 ], [ 45.817188011000098, 39.431515127000125 ], [ 45.817052431000036, 39.429731201000152 ], [ 45.815072794000116, 39.428975655000158 ], [ 45.812545821000015, 39.428742091000061 ], [ 45.80991966900018, 39.429268129000036 ], [ 45.807843986000137, 39.429539042000158 ], [ 45.80619629500012, 39.429466725000111 ], [ 45.805083460000162, 39.428364771000076 ], [ 45.805289541000036, 39.426918691000139 ], [ 45.804829386999984, 39.425053246000061 ], [ 45.80414848900017, 39.423356821000141 ], [ 45.803139811000165, 39.421322429000043 ], [ 45.803553014000158, 39.419105483000124 ], [ 45.803449110000088, 39.41828442100001 ], [ 45.803314673000102, 39.417154748000087 ], [ 45.802498195000055, 39.415982674000077 ], [ 45.802306143000123, 39.415711817000158 ], [ 45.800642180000011, 39.413598169000068 ], [ 45.799197161000109, 39.412330944000132 ], [ 45.799288556000135, 39.410288950000108 ], [ 45.800022799000033, 39.407818561000056 ], [ 45.799448160000168, 39.40535716800008 ], [ 45.79898150300005, 39.402895028999978 ], [ 45.798835708000126, 39.399577497000109 ], [ 45.797942268000099, 39.398138967000136 ], [ 45.796369395000056, 39.39508768800016 ], [ 45.795791131000044, 39.3922860670001 ], [ 45.795424894000178, 39.389142763000052 ], [ 45.795517331000099, 39.387184506000153 ], [ 45.79232128600006, 39.385505168000066 ], [ 45.791094787000134, 39.383812368000179 ], [ 45.790403127000104, 39.381095233000167 ], [ 45.791150816000027, 39.379216272000065 ], [ 45.79167213400018, 39.37700385100004 ], [ 45.792957338000122, 39.374357011000086 ], [ 45.793145231000096, 39.371293661000095 ], [ 45.79432436400009, 39.369416970000145 ], [ 45.796176750000029, 39.368043391000072 ], [ 45.798181278000186, 39.36700896800005 ], [ 45.798355638000032, 39.366924023000024 ], [ 45.802503279000121, 39.365785820000099 ], [ 45.805783029000054, 39.364831448000189 ], [ 45.808500928000115, 39.363111446000119 ], [ 45.810782380000035, 39.361561919999986 ], [ 45.812533443000063, 39.361382208000066 ], [ 45.814945370000089, 39.361789322000163 ], [ 45.817696458000171, 39.36236673500008 ], [ 45.819769135000115, 39.362011922000136 ], [ 45.82139832900009, 39.360639513000137 ], [ 45.82259720400009, 39.359950584999979 ], [ 45.824455021000063, 39.35968095700008 ], [ 45.826539322000144, 39.359749920000183 ], [ 45.829932332, 39.359301793000157 ], [ 45.832887410000126, 39.359453413000097 ], [ 45.83530306900002, 39.35960359600017 ], [ 45.837052952000136, 39.359334542000113 ], [ 45.838355454000066, 39.358304476000114 ], [ 45.839221763000069, 39.357450274000144 ], [ 45.840424890000065, 39.357698072000062 ], [ 45.842080094000096, 39.358534065000015 ], [ 45.843837101000076, 39.358861567000133 ], [ 45.84559311400011, 39.35910530200016 ], [ 45.847903471000052, 39.360025432000043 ], [ 45.849765835000142, 39.359582634000049 ], [ 45.852063861000033, 39.359482082000056 ], [ 45.854903838000098, 39.359037275000105 ], [ 45.857630657000186, 39.358164020000061 ], [ 45.859261128000185, 39.356963806000067 ], [ 45.86090818200006, 39.357119130000115 ], [ 45.862875759000019, 39.357020809000062 ], [ 45.864731685000152, 39.356070093000085 ], [ 45.867225307000012, 39.354350389000103 ], [ 45.869510479000098, 39.35322890000009 ], [ 45.871687716000054, 39.352108174000136 ], [ 45.872660718000077, 39.350656214000082 ], [ 45.874288189000026, 39.349790807000147 ], [ 45.877452958000106, 39.348406070000067 ], [ 45.87995774400008, 39.347622950000073 ], [ 45.882787725000185, 39.345900368 ], [ 45.885063787000036, 39.344098183000028 ], [ 45.889444056000173, 39.34398104100012 ], [ 45.891946572000109, 39.342511986000147 ], [ 45.89311824400005, 39.340294123000035 ], [ 45.89308361000019, 39.337572548000026 ], [ 45.894168140000033, 39.33645978100003 ], [ 45.895571731000132, 39.334999085000163 ], [ 45.895881398000085, 39.333384534000061 ], [ 45.899696496000047, 39.331821452000042 ], [ 45.90188240000009, 39.331464305000111 ], [ 45.902855429000056, 39.330608802000086 ], [ 45.904269710999984, 39.330001111000172 ], [ 45.906358722000107, 39.330497826000169 ], [ 45.909103635000122, 39.331156879000048 ], [ 45.911723095000127, 39.330455930000028 ], [ 45.913019533000124, 39.329084846000114 ], [ 45.913436528000034, 39.327464172000134 ], [ 45.914508250000097, 39.325922102000106 ], [ 45.915600040000186, 39.325405791000094 ], [ 45.918440399000076, 39.325126932000046 ], [ 45.920192443000133, 39.32511309400013 ], [ 45.921608735000063, 39.324164947000099 ], [ 45.922573582000041, 39.322712633000037 ], [ 45.923543964000032, 39.321684246000075 ], [ 45.924963537000167, 39.321505476000027 ], [ 45.926497584000174, 39.321320544 ], [ 45.927915966000114, 39.321052764000058 ], [ 45.929670189000035, 39.321211499000128 ], [ 45.930885352000132, 39.321882248000122 ], [ 45.932306020000055, 39.321787128999972 ], [ 45.933168435000141, 39.320759527000064 ], [ 45.933590554000148, 39.319562718000043 ], [ 45.935770243000093, 39.318781006000052 ], [ 45.938163190000125, 39.317824802000132 ], [ 45.940652459000091, 39.315512083000044 ], [ 45.940843941000139, 39.314212425000164 ], [ 45.940955261000113, 39.313468252000121 ], [ 45.940373093000062, 39.310751110000183 ], [ 45.94211564200009, 39.310056559000031 ], [ 45.942209748999971, 39.309035105000021 ], [ 45.943831944000181, 39.307912288000125 ], [ 45.945475754000142, 39.307898948000116 ], [ 45.947054064000156, 39.307524951000175 ], [ 45.947329429000092, 39.307459898 ], [ 45.95135972900016, 39.305558378000057 ], [ 45.955823222000106, 39.303820661000088 ], [ 45.962234871000078, 39.300705763999986 ], [ 45.964741349000178, 39.299748076000185 ], [ 45.966489210000077, 39.299477096000146 ], [ 45.968016889000126, 39.298872925000126 ], [ 45.968326156000046, 39.297849660000111 ], [ 45.968643305000057, 39.296910078 ], [ 45.970063408000044, 39.296814504999986 ], [ 45.971592084000065, 39.296288793000031 ], [ 45.971685747000095, 39.295267318000185 ], [ 45.970675309000171, 39.293318109999973 ], [ 45.97188920900004, 39.293904696000027 ], [ 45.974102989000073, 39.295671098000184 ], [ 45.975634389000106, 39.295831007000174 ], [ 45.978803336000055, 39.295547926000097 ], [ 45.980115625000167, 39.295453136000106 ], [ 45.982740117999981, 39.295258279000052 ], [ 45.98461345100003, 39.296263143000033 ], [ 45.986587020000172, 39.296246435000057 ], [ 45.989204377000078, 39.295543763000012 ], [ 45.990616011000157, 39.294851299000129 ], [ 45.991798936000066, 39.29322905700019 ], [ 45.993323070000088, 39.292875832000163 ], [ 45.994856295000034, 39.292690008000079 ], [ 45.996502173000124, 39.292848664000076 ], [ 45.9985718370001, 39.292490700000087 ], [ 45.99987912500012, 39.292050266000103 ], [ 46.000843105000115, 39.290681060000111 ], [ 46.00148138100019, 39.289147150000019 ], [ 46.001770488000034, 39.288636934000124 ], [ 46.002440440000044, 39.287437742000179 ], [ 46.00318155500014, 39.285562706000121 ], [ 46.003263770000103, 39.283771859000183 ], [ 46.00390679000003, 39.282578124000054 ], [ 46.00531068600003, 39.281372585000099 ], [ 46.004855983000141, 39.280188318000057 ], [ 46.004171956000107, 39.279450944000132 ], [ 46.003296330000126, 39.27850061100014 ], [ 46.002731476000122, 39.277144551 ], [ 46.002169030000118, 39.27595596599997 ], [ 46.003451798000015, 39.273819779000064 ], [ 46.004302875, 39.272111283000129 ], [ 46.00568957500019, 39.269717692000029 ], [ 46.00588991800015, 39.268187534999981 ], [ 46.006078582000157, 39.266312012000185 ], [ 46.006596014000138, 39.264355132000048 ], [ 46.006779253000104, 39.261631690000172 ], [ 46.005992311000171, 39.260277562 ], [ 46.005953411000178, 39.257556038000075 ], [ 46.004946255000164, 39.255863571000134 ], [ 46.001967961000105, 39.254271821000032 ], [ 45.999116346000164, 39.253532106000193 ], [ 45.998328456000138, 39.252094181000189 ], [ 45.996890030000145, 39.25082932100014 ], [ 45.994789627000159, 39.24940260000011 ], [ 45.99159282800008, 39.247555963000025 ], [ 45.989279593999981, 39.246298452000133 ], [ 45.988383119000162, 39.244777629000168 ], [ 45.988023496000153, 39.242655529000103 ], [ 45.988322225000104, 39.240438857000186 ], [ 45.989055343000189, 39.238480215000152 ], [ 45.98904453900019, 39.23771085400017 ], [ 45.989234438000153, 39.235416587000145 ], [ 45.9898573050001, 39.233280906000061 ], [ 45.991035636000163, 39.23140221400007 ], [ 45.990892114000189, 39.228854294000087 ], [ 45.991298369000162, 39.226636696000128 ], [ 45.991476592000083, 39.226389163000135 ], [ 45.992690624000147, 39.224667181000143 ], [ 45.992666663000193, 39.222966211000085 ], [ 45.991655127000172, 39.221859904000098 ], [ 45.990889749000075, 39.221028917000183 ], [ 45.989550203000078, 39.219082645000128 ], [ 45.988866492999989, 39.216874304999976 ], [ 45.988834334000103, 39.2145819160001 ], [ 45.989237056000036, 39.212113099000021 ], [ 45.989422446999981, 39.209981126000116 ], [ 45.991250531000105, 39.207924171 ], [ 45.991992332000109, 39.206132928000045 ], [ 45.991537113000163, 39.204859611000131 ], [ 45.99085951800015, 39.203080446000058 ], [ 45.990722517000108, 39.201469417000112 ], [ 45.991358996000088, 39.199846572000013 ], [ 45.993080010000028, 39.198329641000043 ], [ 45.99341234700006, 39.198044150000101 ], [ 45.99578963100015, 39.196322673000054 ], [ 45.996099997000044, 39.194959075000043 ], [ 45.996179971000117, 39.193000723000182 ], [ 45.996585877000143, 39.190783098000111 ], [ 45.997336988000029, 39.189672210000026 ], [ 45.998631648000185, 39.188472909000154 ], [ 46.000036243000125, 39.187440152000079 ], [ 46.001002471000163, 39.186327394000045 ], [ 46.001749825000161, 39.184960023000144 ], [ 46.001726868000162, 39.183342787000072 ], [ 46.001489274, 39.182240369000169 ], [ 46.000916804000099, 39.18028761700009 ], [ 46.001659271000165, 39.178580050999983 ], [ 46.002164160000063, 39.177193823000039 ], [ 46.00218344100017, 39.177130844000089 ], [ 46.002708781000138, 39.175765376000072 ], [ 46.003355625000154, 39.174906597000188 ], [ 46.004212857000027, 39.173710999000036 ], [ 46.005934631000059, 39.171366830000125 ], [ 46.006033548000119, 39.171229881000045 ], [ 46.007217685000171, 39.169858702000056 ], [ 46.007410961000176, 39.16832334500009 ], [ 46.007223836000037, 39.166990184000042 ], [ 46.007171547000041, 39.166624226000124 ], [ 46.007696716000055, 39.16525873500018 ], [ 46.00775610400018, 39.165179705000071 ], [ 46.008660058000032, 39.163973200000157 ], [ 46.009304331000124, 39.162946908000151 ], [ 46.008795314000054, 39.161674115000096 ], [ 46.00862118900011, 39.161251634000052 ], [ 46.007189394000193, 39.160332289000053 ], [ 46.006085777000123, 39.159321107999972 ], [ 46.005631818000097, 39.15813157600013 ], [ 46.005285507000167, 39.156946348000133 ], [ 46.005588230000058, 39.155069808000121 ], [ 46.00556401800003, 39.153368824999973 ], [ 46.005309570000122, 39.151078336000126 ], [ 46.005079953000177, 39.150059601000123 ], [ 46.005168141000013, 39.148697885000047 ], [ 46.006676944000105, 39.147491409000054 ], [ 46.008409965000055, 39.146455710000055 ], [ 46.00946230600016, 39.146242456000039 ], [ 46.009716970000056, 39.146187906000137 ], [ 46.011457255000096, 39.145665074000192 ], [ 46.01342539500007, 39.145564225000101 ], [ 46.014512966000041, 39.14546577700014 ], [ 46.015707574000146, 39.144863880000173 ], [ 46.017222215000118, 39.14408120700017 ], [ 46.018306750000079, 39.143307507000088 ], [ 46.01961864000009, 39.143385022000189 ], [ 46.021139407000078, 39.143031469000164 ], [ 46.021460114000035, 39.142431932000193 ], [ 46.022100301000194, 39.141149116000122 ], [ 46.023166954000033, 39.139611299000137 ], [ 46.024127171000032, 39.138152924 ], [ 46.02495895200019, 39.13525619800015 ], [ 46.02623362200012, 39.13277955600006 ], [ 46.026429397000072, 39.130987651 ], [ 46.026175585000033, 39.128780947000052 ], [ 46.026238224000167, 39.128466329000105 ], [ 46.026689589000114, 39.126227242000027 ], [ 46.026551882000149, 39.124611008000102 ], [ 46.02620346000009, 39.122829127000159 ], [ 46.025629041000116, 39.121216735000189 ], [ 46.024633289000121, 39.120204773000125 ], [ 46.023413347000087, 39.119022033000135 ], [ 46.021982231000152, 39.118102855000075 ], [ 46.020108256000128, 39.116758309000033 ], [ 46.018558041000176, 39.115494655000134 ], [ 46.018222072000185, 39.114560621000123 ], [ 46.018429750000109, 39.114051064000137 ], [ 46.019074647000139, 39.113108458000113 ], [ 46.019386110000028, 39.112341502000106 ], [ 46.020894505000058, 39.110710850000146 ], [ 46.020876079000118, 39.10943380100008 ], [ 46.020860147000064, 39.108329467000033 ], [ 46.021818875000179, 39.107258470000147 ], [ 46.02193126100002, 39.10713185700007 ], [ 46.023339350000128, 39.106009796000023 ], [ 46.024296774000106, 39.104389170000047 ], [ 46.025489321000066, 39.103698204000068 ], [ 46.026900440000077, 39.10325655500003 ], [ 46.02809545100007, 39.102738279000164 ], [ 46.028962522000143, 39.102306636000037 ], [ 46.028946391000147, 39.101197070000069 ], [ 46.029041537000182, 39.100348245000134 ], [ 46.029460859000096, 39.099156317000109 ], [ 46.030321631000049, 39.09829549300008 ], [ 46.031178723000096, 39.097183439999981 ], [ 46.031922067000153, 39.095643161 ], [ 46.031904749000148, 39.094455087000142 ], [ 46.032538835000025, 39.093256011000051 ], [ 46.034262742000124, 39.091712262000101 ], [ 46.036968333000061, 39.090243512000086 ], [ 46.039473809000071, 39.089791973000104 ], [ 46.040773416000036, 39.089099896000164 ], [ 46.043039781000061, 39.087467422000088 ], [ 46.044769494000093, 39.086342225000124 ], [ 46.046503019000056, 39.085478692000038 ], [ 46.048772856000028, 39.084097330000134 ], [ 46.050287584000102, 39.082979219000094 ], [ 46.052792791, 39.082532632000152 ], [ 46.054628422000121, 39.081322580000062 ], [ 46.057567134000067, 39.081128458000137 ], [ 46.060292490000165, 39.080590727000128 ], [ 46.062030782000079, 39.080067162000091 ], [ 46.06388026000019, 39.079793811000116 ], [ 46.066707577000102, 39.07934398600014 ], [ 46.068127266000033, 39.079074499000114 ], [ 46.069197060000079, 39.07787123200012 ], [ 46.070277488000158, 39.076929582 ], [ 46.07046665300004, 39.075226638000174 ], [ 46.070449887999985, 39.074117081999987 ], [ 46.070319369000117, 39.072589810000125 ], [ 46.069640830000026, 39.071235070000114 ], [ 46.071461792000093, 39.069093150000185 ], [ 46.072099166000044, 39.067726324000034 ], [ 46.072621117000153, 39.066276805000086 ], [ 46.073033015000135, 39.064655557000094 ], [ 46.072691142000167, 39.063805481000088 ], [ 46.072890817000086, 39.062358923000147 ], [ 46.073521393000021, 39.060992151 ], [ 46.074060291000023, 39.060222953000164 ], [ 46.07490973300014, 39.058681419000152 ], [ 46.075650264000046, 39.057486360000098 ], [ 46.077139429000056, 39.05475067500015 ], [ 46.077109690000043, 39.052793247000011 ], [ 46.077622942, 39.051668322000125 ], [ 46.077850392000187, 39.051174177000178 ], [ 46.077670306000016, 39.050809426000114 ], [ 46.077171924000027, 39.049819475000163 ], [ 46.076610128000084, 39.048631196000031 ], [ 46.077241788000094, 39.047348144000068 ], [ 46.077873446000126, 39.046949719000054 ], [ 46.078325471000142, 39.04665764300006 ], [ 46.077904488000058, 39.046342230000164 ], [ 46.076559753000083, 39.045312984000077 ], [ 46.076102849000108, 39.043956229000173 ], [ 46.076197367000134, 39.043107366000186 ], [ 46.07629180400005, 39.042253269000128 ], [ 46.076492705000021, 39.040895677000094 ], [ 46.075699210000039, 39.039029042999971 ], [ 46.076216999000167, 39.037323049000065 ], [ 46.076630012000123, 39.035790759000122 ], [ 46.076819135000051, 39.03365856500011 ], [ 46.077744654000128, 39.030080075000114 ], [ 46.079822863000061, 39.029050591000043 ], [ 46.080016022000166, 39.02895458100005 ], [ 46.081633818000057, 39.027662367000119 ], [ 46.083040513000185, 39.027052578000166 ], [ 46.084465651000187, 39.027212076000069 ], [ 46.086753730000055, 39.027190780000069 ], [ 46.089576148000162, 39.026567713000134 ], [ 46.093691369, 39.024487737000129 ], [ 46.097359560000029, 39.022155331000079 ], [ 46.099289912000074, 39.019844434000106 ], [ 46.101213349000147, 39.017528337000044 ], [ 46.102499162000015, 39.016071463000117 ], [ 46.102489896000179, 39.015474814000015 ], [ 46.101267919, 39.014125381000042 ], [ 46.100908979000167, 39.011747059000072 ], [ 46.100883905000046, 39.010129827000185 ], [ 46.100640142000032, 39.008687397000017 ], [ 46.101159803000144, 39.007154010000079 ], [ 46.101902018000033, 39.005697036000129 ], [ 46.102104940000117, 39.004506880000065 ], [ 46.101426479000168, 39.003152309000029 ], [ 46.101292784000066, 39.001452347000054 ], [ 46.102137059000029, 38.999659397000187 ], [ 46.101787296000111, 38.998301720000029 ], [ 46.102530791000049, 38.996933716000171 ], [ 46.102937658000087, 38.995055905000129 ], [ 46.103557898000076, 38.993097555000134 ], [ 46.10374881000007, 38.991138030000059 ], [ 46.103707636000195, 38.990646372000072 ], [ 46.103616389000194, 38.98952180800012 ], [ 46.103593955000122, 38.988077286000134 ], [ 46.104010017000064, 38.986796120000179 ], [ 46.104928569000037, 38.985913255000071 ], [ 46.105080526999984, 38.985765248000178 ], [ 46.106041107000067, 38.984567904000016 ], [ 46.107437545000153, 38.982937182000114 ], [ 46.110022186000037, 38.981384132000017 ], [ 46.110664690000078, 38.980441034000194 ], [ 46.111615774000086, 38.97864699400003 ], [ 46.112998628000128, 38.976592336000067 ], [ 46.112979946000166, 38.975399036000056 ], [ 46.111762566000152, 38.973882151000055 ], [ 46.111510707000036, 38.971926826000185 ], [ 46.111265566999975, 38.969971436000037 ], [ 46.111559484000054, 38.968183651 ], [ 46.111979303000055, 38.967158912000059 ], [ 46.112834877000182, 38.966130016000193 ], [ 46.112591117000079, 38.964263601000027 ], [ 46.111794965000115, 38.962229709000155 ], [ 46.111988205000102, 38.960437645000184 ], [ 46.112501971000142, 38.958564008000167 ], [ 46.112913700000036, 38.95702635300006 ], [ 46.113222258000178, 38.955751409000072 ], [ 46.112070786000118, 38.954998140000157 ], [ 46.111678002000076, 38.954745388000049 ], [ 46.110794681000129, 38.95398955100012 ], [ 46.110885993000011, 38.952967940000065 ], [ 46.111861988000044, 38.952361903999986 ], [ 46.112235054000166, 38.95221178100013 ], [ 46.112941209000098, 38.951927617000024 ], [ 46.114141000000131, 38.951916169000185 ], [ 46.115114269000117, 38.951566626000101 ], [ 46.116513839000106, 38.950616255000057 ], [ 46.117921390000106, 38.949749545000145 ], [ 46.119326321000074, 38.94914457200008 ], [ 46.120729826000115, 38.948450607000154 ], [ 46.12201930000009, 38.947328488000096 ], [ 46.122440256000061, 38.946392685000035 ], [ 46.122850384000117, 38.944771256000081 ], [ 46.122921367000174, 38.942472593000048 ], [ 46.123326096000028, 38.940510965000101 ], [ 46.124843319000036, 38.939815857000156 ], [ 46.126780048000171, 38.938525172000027 ], [ 46.128278283000043, 38.936636718000102 ], [ 46.128366674000176, 38.935447613000179 ], [ 46.128237892000186, 38.93408786700013 ], [ 46.12733311500017, 38.931971367000187 ], [ 46.126102710000055, 38.930025508000028 ], [ 46.125853372000051, 38.92824291900007 ], [ 46.126259272000084, 38.926365019000116 ], [ 46.126783194000041, 38.924747708000154 ], [ 46.12773307600014, 38.922948304000101 ], [ 46.128579860000059, 38.92141161800015 ], [ 46.129327461000173, 38.920383642000161 ], [ 46.128436266000051, 38.919115019000117 ], [ 46.127543777000028, 38.917762647000131 ], [ 46.128290044000039, 38.917074939000088 ], [ 46.128934480000055, 38.916304455999978 ], [ 46.130437712000116, 38.915185408000127 ], [ 46.13205877300004, 38.914316459000077 ], [ 46.133578104000037, 38.913793959000031 ], [ 46.135854323, 38.913258843000165 ], [ 46.137912127000106, 38.912474550000184 ], [ 46.139421914000081, 38.911779326000044 ], [ 46.14027510000011, 38.910666494000168 ], [ 46.140913902000023, 38.909555752000074 ], [ 46.141876899000067, 38.908609343000194 ], [ 46.142624177000073, 38.907581284000173 ], [ 46.143147615000032, 38.906382670000085 ], [ 46.143679267000152, 38.905696965000118 ], [ 46.144423799000094, 38.904501413000162 ], [ 46.145509658000151, 38.903286805000164 ], [ 46.146504028000038, 38.901800885000171 ], [ 46.147052681000048, 38.900094249000176 ], [ 46.147764455000129, 38.898951344000182 ], [ 46.149030350000146, 38.896447218000105 ], [ 46.150152365000167, 38.894164350000096 ], [ 46.150567585000033, 38.892914421000114 ], [ 46.150969950000047, 38.890868956000077 ], [ 46.151102667000089, 38.889962060000187 ], [ 46.151086194000072, 38.888941472000113 ], [ 46.15105874000011, 38.887240493000149 ], [ 46.150310495000099, 38.886111955000047 ], [ 46.15029775000005, 38.885321654000109 ], [ 46.150862011000072, 38.88418018100009 ], [ 46.149978667000028, 38.883393222000052 ], [ 46.149388844000157, 38.88294885300013 ], [ 46.149080758000025, 38.881700809999984 ], [ 46.148629081000081, 38.880684503000055 ], [ 46.14817564800012, 38.879558284000041 ], [ 46.147567514000059, 38.877972937000038 ], [ 46.147254098000076, 38.876389925000126 ], [ 46.147089365000056, 38.876140281000119 ], [ 46.146807950000095, 38.875713806000078 ], [ 46.145779307000169, 38.875043402000188 ], [ 46.145908367, 38.87390622099997 ], [ 46.146037507000074, 38.872774273000118 ], [ 46.146209871999986, 38.872249118000127 ], [ 46.146452684000053, 38.87152435600018 ], [ 46.146855063000032, 38.869478898000068 ], [ 46.146527694000042, 38.86744060500007 ], [ 46.145762738000144, 38.864836030000106 ], [ 46.145871788000079, 38.862453199000072 ], [ 46.145693602000108, 38.860528600000066 ], [ 46.146090487000151, 38.858142943000132 ], [ 46.147641728000167, 38.855520856000112 ], [ 46.148488156000042, 38.854036366000059 ], [ 46.14846079900019, 38.852335375000109 ], [ 46.14698410800014, 38.850423536000108 ], [ 46.146518134000132, 38.84850176000009 ], [ 46.145322590000148, 38.846581903000128 ], [ 46.145289860000105, 38.844540709000171 ], [ 46.145785916000079, 38.842499562000114 ], [ 46.148139496000169, 38.841926811000064 ], [ 46.150502983000024, 38.84197160400015 ], [ 46.152695850000043, 38.842227419000039 ], [ 46.15471573700006, 38.842961257000013 ], [ 46.155681645000072, 38.843087805000039 ], [ 46.157170664000091, 38.842863676000036 ], [ 46.158814840000048, 38.841889433000176 ], [ 46.16064527400016, 38.84125880400012 ], [ 46.162130950000176, 38.841244031000031 ], [ 46.163893183000027, 38.841770887000109 ], [ 46.165564055000061, 38.842439964000164 ], [ 46.167055311000183, 38.842765324000084 ], [ 46.168805371000019, 38.842543673000137 ], [ 46.17071938100014, 38.842116201000124 ], [ 46.172203861000014, 38.841619724000168 ], [ 46.174205838000034, 38.840845826000077 ], [ 46.176213488000087, 38.840825625000093 ], [ 46.178403032000062, 38.840876840000135 ], [ 46.181033050000053, 38.84085027500015 ], [ 46.183833750000133, 38.841026072000034 ], [ 46.185768997000139, 38.841482794000171 ], [ 46.188503282000113, 38.842894528000102 ], [ 46.190380128000186, 38.845063493000055 ], [ 46.191628872000138, 38.846490284000083 ], [ 46.193155822000165, 38.848940207 ], [ 46.193608004000112, 38.849961574000076 ], [ 46.194335975000172, 38.851461705000077 ], [ 46.195924896000122, 38.852403382000148 ], [ 46.19777009, 38.852656673000013 ], [ 46.199254841000027, 38.852573386000131 ], [ 46.201435417000141, 38.852069388000189 ], [ 46.204237552000109, 38.851904428000068 ], [ 46.205987905000086, 38.852090515999976 ], [ 46.20721629000019, 38.8522872100001 ], [ 46.20853736100014, 38.852817947000062 ], [ 46.209864080000045, 38.853285796000137 ], [ 46.211967149000088, 38.853740340000058 ], [ 46.213205981000101, 38.85454931300012 ], [ 46.213926223000158, 38.855567814000096 ], [ 46.214992235000068, 38.85644661300006 ], [ 46.216312369000093, 38.85691445600014 ], [ 46.216409907000127, 38.857531124000047 ], [ 46.21669076, 38.858690283000101 ], [ 46.216811322000069, 38.860264646000076 ], [ 46.217267397000057, 38.861490026000183 ], [ 46.217462417000036, 38.862718127000107 ], [ 46.218016972000157, 38.864219912000124 ], [ 46.219338433000132, 38.864755755000147 ], [ 46.221622644000036, 38.865208231000111 ], [ 46.224257415000181, 38.865798321000057 ], [ 46.227066283000056, 38.866386522000141 ], [ 46.229435276000061, 38.866701854000155 ], [ 46.231729093000069, 38.867703663000157 ], [ 46.233758355000077, 38.868504073000111 ], [ 46.235691115000122, 38.868755835000172 ], [ 46.237539692000041, 38.86955809 ], [ 46.239570251000089, 38.87042643400008 ], [ 46.241261101000191, 38.871779936000166 ], [ 46.243106171000079, 38.872372755000129 ], [ 46.244949748000124, 38.872494448000168 ], [ 46.246526628000026, 38.872681774 ], [ 46.249266319000185, 38.873882623000156 ], [ 46.249633620000111, 38.874972722000052 ], [ 46.250452452000161, 38.876607615000012 ], [ 46.250735223, 38.87783994900002 ], [ 46.251798346000157, 38.878509052000084 ], [ 46.253826938000145, 38.879241065000144 ], [ 46.255070274000161, 38.880253685000071 ], [ 46.257552253000085, 38.882006736000108 ], [ 46.259319265000101, 38.883086952000099 ], [ 46.262497217000146, 38.884418856000025 ], [ 46.264350778999983, 38.88508452800005 ], [ 46.266208549000055, 38.886362568999971 ], [ 46.267534399000169, 38.887101960000166 ], [ 46.267907538000031, 38.888123884000152 ], [ 46.267745620000142, 38.888811371000088 ], [ 46.267508181000153, 38.890525652000122 ], [ 46.26797453800009, 38.891892043999974 ], [ 46.268863915000054, 38.892562874000077 ], [ 46.270798109, 38.893227565000075 ], [ 46.270817604000115, 38.894321376000107 ], [ 46.271534223000174, 38.895067349999977 ], [ 46.273112879000053, 38.895322343000032 ], [ 46.275223141000026, 38.895712841000034 ], [ 46.277329673000054, 38.89589396100007 ], [ 46.27891700400005, 38.896630359000085 ], [ 46.27981762800016, 38.897918659000084 ], [ 46.280888844000117, 38.899006167000039 ], [ 46.28239166100002, 38.899879542000065 ], [ 46.28415496700012, 38.900336503000119 ], [ 46.286272799000187, 38.901135012000054 ], [ 46.288283289999981, 38.901180892000127 ], [ 46.2902992490001, 38.901158628000019 ], [ 46.291432897999982, 38.900873897 ], [ 46.292656074000149, 38.90072426100005 ], [ 46.295287668000071, 38.901035338000156 ], [ 46.296864566000181, 38.900813684000127 ], [ 46.298795919000042, 38.900928311000087 ], [ 46.300377371000138, 38.901324235000175 ], [ 46.301181340000142, 38.902063816000179 ], [ 46.301981208000029, 38.902944770000033 ], [ 46.302708281000093, 38.904240059000188 ], [ 46.303161148000186, 38.905192924000062 ], [ 46.304141922000156, 38.906071843000063 ], [ 46.305286805000094, 38.90639929200006 ], [ 46.306765025000175, 38.905906411000046 ], [ 46.308495959000027, 38.904583623000178 ], [ 46.309788628000149, 38.903475109000112 ], [ 46.311179686000173, 38.902983150000182 ], [ 46.313010162000069, 38.902344902000152 ], [ 46.314576469000087, 38.901913746000162 ], [ 46.316405727000074, 38.901212644000054 ], [ 46.31771843000007, 38.901197834000072 ], [ 46.319216599000129, 38.901793354000176 ], [ 46.320811176000177, 38.90252909600008 ], [ 46.322405400000093, 38.903605065000022 ], [ 46.323560526000108, 38.904481844000031 ], [ 46.324798959000191, 38.905153519000066 ], [ 46.326574144000062, 38.906227376000061 ], [ 46.327997022000034, 38.907446546000187 ], [ 46.328884612000081, 38.907980836000149 ], [ 46.330733955000085, 38.908713540000065 ], [ 46.33319320600009, 38.909099006000133 ], [ 46.334608739000032, 38.909559172 ], [ 46.336814464000042, 38.91035575300009 ], [ 46.337253682000153, 38.910554868000133 ], [ 46.337440705000063, 38.91123844700013 ], [ 46.337274307000143, 38.911653880000131 ], [ 46.33676980000007, 38.912617575000013 ], [ 46.336781287000065, 38.913229882000167 ], [ 46.337060503000032, 38.914184600000112 ], [ 46.337513893000107, 38.915137322000078 ], [ 46.338404304000107, 38.91581283700009 ], [ 46.340255226000124, 38.916613418000168 ], [ 46.341313350000121, 38.916941507000047 ], [ 46.342980088, 38.916854294000188 ], [ 46.344376299000146, 38.916634076000094 ], [ 46.345775071000048, 38.916549909000139 ], [ 46.34805395900014, 38.916591661000041 ], [ 46.349549086000138, 38.916642433000163 ], [ 46.35112331, 38.916624222000166 ], [ 46.352697532000036, 38.91660599000005 ], [ 46.354539706000082, 38.916584627000191 ], [ 46.356639244000064, 38.916356099000097 ], [ 46.35751159900019, 38.91607376200011 ], [ 46.35845644800014, 38.915377050000188 ], [ 46.359857977, 38.915088537000031 ], [ 46.36072880200004, 38.915078389000087 ], [ 46.361622028000056, 38.915889789000062 ], [ 46.362942787000179, 38.916282666000143 ], [ 46.364081575000057, 38.916269364000129 ], [ 46.365385303000096, 38.915772547000131 ], [ 46.367206455000144, 38.914657220000151 ], [ 46.368235823000077, 38.913483099000075 ], [ 46.368993363000016, 38.911762536000083 ], [ 46.369571324000162, 38.9101121220001 ], [ 46.370088706000161, 38.909493614000098 ], [ 46.371563798000182, 38.90885862000016 ], [ 46.373137835000136, 38.908840115000146 ], [ 46.374798980000151, 38.90847508600001 ], [ 46.376022084999988, 38.90832457800019 ], [ 46.377667297000073, 38.907483356000057 ], [ 46.380201952999982, 38.90690902700004 ], [ 46.381512089000068, 38.906757432000177 ], [ 46.382999002000076, 38.906739826000148 ], [ 46.384660057000076, 38.906720134000125 ], [ 46.38623666400008, 38.906492043000185 ], [ 46.387892411, 38.906200174999981 ], [ 46.389722247000066, 38.905560734000119 ], [ 46.391900427000166, 38.904922347000138 ], [ 46.395298787000172, 38.903991913000084 ], [ 46.397557160000076, 38.903006985000104 ], [ 46.398767997000164, 38.902238715000124 ], [ 46.400684694000176, 38.901598063000051 ], [ 46.403113024000049, 38.900406843000098 ], [ 46.404399992000094, 38.899087978000125 ], [ 46.406296434000183, 38.897766994000108 ], [ 46.408630631000108, 38.895891075 ], [ 46.409566636000193, 38.894785767000087 ], [ 46.411213684000074, 38.893734673000154 ], [ 46.412606513000128, 38.893377586000156 ], [ 46.414711901000032, 38.893488189000152 ], [ 46.416023058000064, 38.893404244000067 ], [ 46.416979235000042, 38.892984352000155 ], [ 46.417747560000123, 38.891875780000078 ], [ 46.417542311000091, 38.890648166000119 ], [ 46.417519216000073, 38.88948638800008 ], [ 46.418007414000158, 38.887428536000186 ], [ 46.418328332000044, 38.886053199000173 ], [ 46.419350925000174, 38.884601283999984 ], [ 46.420814208000195, 38.883421426999973 ], [ 46.422474605, 38.883060967000176 ], [ 46.424150127000075, 38.883794309000109 ], [ 46.424521295000091, 38.884606362000056 ], [ 46.425591752000059, 38.885556443999974 ], [ 46.426652611000179, 38.886360067000112 ], [ 46.426849834000109, 38.887179472000184 ], [ 46.427575011000158, 38.888610093000125 ], [ 46.427856691000159, 38.889632608999989 ], [ 46.427884147000157, 38.891003710000064 ], [ 46.428522109000141, 38.892089914000053 ], [ 46.430023800000129, 38.892825296000126 ], [ 46.43107922500019, 38.89301650800013 ], [ 46.43275345700016, 38.893336215000033 ], [ 46.433643246000145, 38.894283202000111 ], [ 46.43567680200016, 38.895148074000133 ], [ 46.436900901000115, 38.895064966000177 ], [ 46.438033826000151, 38.894778823000024 ], [ 46.439610083000105, 38.894555251000156 ], [ 46.441185134000136, 38.894603866000182 ], [ 46.441724075000195, 38.895419025000081 ], [ 46.442619328000148, 38.896297827000126 ], [ 46.443428923000056, 38.89724572900019 ], [ 46.444749755000089, 38.897637680000059 ], [ 46.447292079000135, 38.897815568 ], [ 46.449129437000067, 38.897583395000083 ], [ 46.450432311000043, 38.897090878000085 ], [ 46.451312349000034, 38.897216037000078 ], [ 46.452376313000173, 38.897820473000138 ], [ 46.453791197000157, 38.898551391000069 ], [ 46.455027932000064, 38.899085602000127 ], [ 46.456162232000167, 38.898867315000075 ], [ 46.457026898000095, 38.89823885800007 ], [ 46.458151329000145, 38.897539103000156 ], [ 46.45908770200009, 38.896161206000102 ], [ 46.460014449000084, 38.89464209199997 ], [ 46.461489519000111, 38.893733775000044 ], [ 46.463040718000116, 38.892620340000065 ], [ 46.464152322000075, 38.891303021 ], [ 46.46578738200003, 38.889712161000034 ], [ 46.46637981900011, 38.888882909000131 ], [ 46.467772148999984, 38.888519937000126 ], [ 46.469006005000153, 38.888917942000148 ], [ 46.470587635000072, 38.88896607800018 ], [ 46.472346603000119, 38.88949352700007 ], [ 46.473849636000068, 38.889950899000041 ], [ 46.475942655000154, 38.889788361000114 ], [ 46.477597148000143, 38.889149765000013 ], [ 46.479685535000044, 38.888442834000045 ], [ 46.481154938000032, 38.887602389000051 ], [ 46.48225764200015, 38.885876723000138 ], [ 46.483651242000121, 38.88558159500019 ], [ 46.485144343000115, 38.885562611000069 ], [ 46.486463862000164, 38.8858912930001 ], [ 46.48786464900013, 38.885941497000147 ], [ 46.48900573200018, 38.886063046000174 ], [ 46.489907120000112, 38.887213597000084 ], [ 46.49133518400015, 38.888566793000109 ], [ 46.492397811000046, 38.889097598000092 ], [ 46.494421917000011, 38.889485228000183 ], [ 46.49696392900006, 38.88965680400014 ], [ 46.499152045000073, 38.889560679000112 ], [ 46.500020614000107, 38.889141234000135 ], [ 46.501495513000179, 38.888572656000179 ], [ 46.503128702000026, 38.887253495000152 ], [ 46.504419295000162, 38.886205683000128 ], [ 46.505728257000101, 38.885712473000183 ], [ 46.507561376000126, 38.88562076900007 ], [ 46.509945145000131, 38.88654786800015 ], [ 46.51243055600014, 38.888159314000063 ], [ 46.514721534000159, 38.888810091000153 ], [ 46.517274706000194, 38.889190458000087 ], [ 46.519990836000034, 38.889359270000057 ], [ 46.523492717000181, 38.889313623000078 ], [ 46.525574693000124, 38.888328532 ], [ 46.525900920000026, 38.887298317000159 ], [ 46.525771445000089, 38.885316154000179 ], [ 46.525137212000061, 38.884157160000029 ], [ 46.523962453000138, 38.882460835000074 ], [ 46.523937632000127, 38.881299111000089 ], [ 46.524516231000121, 38.879857318000063 ], [ 46.525097028000118, 38.878206114000022 ], [ 46.52591752800015, 38.875866062000057 ], [ 46.526946609000106, 38.874826655000106 ], [ 46.52803926200005, 38.872692406000169 ], [ 46.53027117400012, 38.870606034000048 ], [ 46.532304999000132, 38.868967148000138 ], [ 46.533028952000052, 38.868381855000109 ], [ 46.534675723000134, 38.86774255600011 ], [ 46.53377358, 38.870628126000099 ], [ 46.53426545300016, 38.8729509960001 ], [ 46.534749204000093, 38.875205921000031 ], [ 46.53548297500015, 38.87663051300018 ], [ 46.535953496000104, 38.878267940000171 ], [ 46.53597851, 38.879429658000049 ], [ 46.53549461700004, 38.881215735000126 ], [ 46.535077865, 38.882388497000136 ], [ 46.53468536000014, 38.884377511000082 ], [ 46.534633679000024, 38.886021805000041 ], [ 46.534679288000177, 38.888141154000152 ], [ 46.534450589000187, 38.889651679000167 ], [ 46.534487414000125, 38.891362856000114 ], [ 46.533465530000115, 38.892742471000133 ], [ 46.533496482000032, 38.894181535000143 ], [ 46.534589007000079, 38.89608298100012 ], [ 46.53653883000004, 38.897355472000129 ], [ 46.538575133000052, 38.898286552000059 ], [ 46.537900107000155, 38.899598820000108 ], [ 46.537663998000028, 38.900763973000153 ], [ 46.537628643000062, 38.903161806000071 ], [ 46.538024091000068, 38.905344586000183 ], [ 46.53728781500007, 38.907547508 ], [ 46.53671588900005, 38.909606932000088 ], [ 46.535890161999987, 38.912015165000128 ], [ 46.535590485000171, 38.914275142000122 ], [ 46.534236344000135, 38.916418122000152 ], [ 46.533318876000067, 38.918618164000122 ], [ 46.531336496000165, 38.920219749000012 ], [ 46.531116420000103, 38.922138431000178 ], [ 46.530635074000031, 38.924060540000141 ], [ 46.529770769000038, 38.924689532000116 ], [ 46.527684888000181, 38.925538656000185 ], [ 46.526297889000091, 38.926169229000038 ], [ 46.524915348000036, 38.927009104000035 ], [ 46.523521707999976, 38.927644965000127 ], [ 46.52195172100005, 38.927869591000047 ], [ 46.521184558000073, 38.928973585000108 ], [ 46.519723630000158, 38.930227938000087 ], [ 46.51784222200007, 38.932508454000128 ], [ 46.515438202000155, 38.934800960000075 ], [ 46.513454971000101, 38.936402254000029 ], [ 46.512671128000136, 38.93799320800008 ], [ 46.512362407000126, 38.938604401000077 ], [ 46.511980680000079, 38.941142801000126 ], [ 46.511312001000078, 38.942795065999974 ], [ 46.510812555000143, 38.943895524000084 ], [ 46.509795369000187, 38.945552292000059 ], [ 46.509209278000071, 38.946994100000154 ], [ 46.507833450000078, 38.948179157000027 ], [ 46.50831056700008, 38.949816594000083 ], [ 46.50912938100015, 38.951444375000051 ], [ 46.509531088000074, 38.953632392000145 ], [ 46.509942003000049, 38.956568806000121 ], [ 46.509360273000027, 38.958219932000134 ], [ 46.509277363000137, 38.958419912000124 ], [ 46.508779337000135, 38.959593622000114 ], [ 46.508809863000181, 38.961032686000124 ], [ 46.509440117000054, 38.961982428000056 ], [ 46.512441702, 38.962833406000073 ], [ 46.513223112000162, 38.963006478000011 ], [ 46.516847136000194, 38.963802158000135 ], [ 46.518639023000048, 38.965767916000061 ], [ 46.519819459000189, 38.967668330000095 ], [ 46.521339111000145, 38.96881055700004 ], [ 46.524074445000167, 38.969732750000048 ], [ 46.524710226000082, 38.970614287000046 ], [ 46.524744005000116, 38.972189393000178 ], [ 46.524420919000079, 38.973695880000037 ], [ 46.523498203000088, 38.975696994000032 ], [ 46.522836199000039, 38.977349230000129 ], [ 46.522537938000141, 38.980017417 ], [ 46.521177844000022, 38.981956172000139 ], [ 46.51912375500018, 38.984375044000046 ], [ 46.519531807000192, 38.986835116000066 ], [ 46.519593245000124, 38.989707981000151 ], [ 46.519474529000036, 38.992311005000033 ], [ 46.519519969999976, 38.994435564000071 ], [ 46.520234828000184, 38.995242810000093 ], [ 46.523569144000191, 38.99527259000007 ], [ 46.526036589000171, 38.995852757000193 ], [ 46.528936407000117, 38.995950879000134 ], [ 46.532180529000129, 38.995840267000062 ], [ 46.535604983000098, 38.996004612000036 ], [ 46.538589702000081, 38.996305515000188 ], [ 46.54019450200019, 38.997310268999968 ], [ 46.542246367000189, 38.999130883000191 ], [ 46.543854240000087, 39.000271638000129 ], [ 46.545004754000104, 39.000737964000166 ], [ 46.547143320000089, 39.002217109000071 ], [ 46.54717900300011, 39.003854983000053 ], [ 46.547026313000117, 39.005160358000182 ], [ 46.545824297000138, 39.006338316000097 ], [ 46.544894281000097, 39.007994219000068 ], [ 46.544161700000132, 39.010401243999979 ], [ 46.543154751000031, 39.012534475000052 ], [ 46.542648639999982, 39.01363514600007 ], [ 46.541112500999986, 39.015503171000148 ], [ 46.540355186000113, 39.017088709000063 ], [ 46.540133665000042, 39.018939352000189 ], [ 46.540073259000167, 39.020175451000057 ], [ 46.539570805000153, 39.021139966000192 ], [ 46.53881033600004, 39.022584207000193 ], [ 46.538489754000182, 39.023891784000114 ], [ 46.538327911000181, 39.024783754000055 ], [ 46.53765540400002, 39.025954642000102 ], [ 46.537776750000148, 39.027528573000041 ], [ 46.538943904000064, 39.028743243000179 ], [ 46.539859898000032, 39.030442774 ], [ 46.539359635000096, 39.031820769999968 ], [ 46.539124658000105, 39.033053936000044 ], [ 46.537931012000115, 39.0346452120001 ], [ 46.537350832000072, 39.03636448300017 ], [ 46.537287592000155, 39.036543284000118 ], [ 46.536772799000119, 39.037874350000095 ], [ 46.537405727000078, 39.038897167000073 ], [ 46.538315809000039, 39.040319367000166 ], [ 46.538970253000059, 39.042022351000014 ], [ 46.540083171000106, 39.044745201000069 ], [ 46.542474231000028, 39.045739521000087 ], [ 46.544503773000088, 39.046466397000017 ], [ 46.546099429000151, 39.046994853000058 ], [ 46.548029809000184, 39.047173380000174 ], [ 46.548293234000027, 39.047248397000089 ], [ 46.549178033000146, 39.04749836100018 ], [ 46.550961729000107, 39.048641898000028 ], [ 46.552233202000082, 39.050608778000026 ], [ 46.553321317000155, 39.052169810000066 ], [ 46.554156694000085, 39.054142476000038 ], [ 46.554892191000079, 39.055844283000056 ], [ 46.555006416000026, 39.057072818000165 ], [ 46.554323455000088, 39.057767615000046 ], [ 46.552664204000052, 39.058334088000095 ], [ 46.551449498000068, 39.058967904000156 ], [ 46.551727751000101, 39.059717938000176 ], [ 46.550882135000109, 39.060959247000142 ], [ 46.550190897000107, 39.061586085000158 ], [ 46.549049873, 39.061601250000081 ], [ 46.546849136000105, 39.06135828400005 ], [ 46.544305325000039, 39.06139200400014 ], [ 46.543353738000064, 39.062090296000179 ], [ 46.54302408500007, 39.062984488000097 ], [ 46.541352780000068, 39.063006595000047 ], [ 46.539058742000179, 39.062487298000178 ], [ 46.537209202000099, 39.062030142000026 ], [ 46.535187418000135, 39.061988734000124 ], [ 46.533094680000147, 39.062701963000109 ], [ 46.531691857000169, 39.062720400000103 ], [ 46.528178503999982, 39.062630409 ], [ 46.525098514000092, 39.062398553000037 ], [ 46.521128229000112, 39.061351214000126 ], [ 46.518937897000058, 39.061589141000013 ], [ 46.517727193999974, 39.062426692000145 ], [ 46.516701170000033, 39.063738151000052 ], [ 46.516909403999989, 39.065310966000027 ], [ 46.517995419000044, 39.066799076000052 ], [ 46.518852765000133, 39.067641101 ], [ 46.519785543000012, 39.06855541699997 ], [ 46.522466347000147, 39.070509473000186 ], [ 46.524508124000079, 39.071780897000053 ], [ 46.525383399000134, 39.071889838000118 ], [ 46.526534585000149, 39.072026565000158 ], [ 46.528549317000056, 39.071727984000063 ], [ 46.529672777000087, 39.070891466000091 ], [ 46.531071352000083, 39.070668971000089 ], [ 46.531470004000028, 39.072647530000097 ], [ 46.531783635000124, 39.075040713000135 ], [ 46.533655692000025, 39.076523575000067 ], [ 46.535433878999982, 39.077389998000115 ], [ 46.536345917000119, 39.07888022100019 ], [ 46.53716263900003, 39.080308881000121 ], [ 46.538008384000136, 39.082763071000102 ], [ 46.537955196000155, 39.084334055000056 ], [ 46.537194171000181, 39.085783518000028 ], [ 46.535816091000186, 39.086963690000118 ], [ 46.535239237000042, 39.088546805000135 ], [ 46.533876578000047, 39.090752668000107 ], [ 46.533132544000125, 39.092683433000104 ], [ 46.532220304000134, 39.095223579000105 ], [ 46.529704888000026, 39.096627994000073 ], [ 46.526466532000086, 39.097220044000039 ], [ 46.523584643000163, 39.098147573000119 ], [ 46.520962414000167, 39.098658137000086 ], [ 46.51763950000003, 39.099387137000178 ], [ 46.516362820999973, 39.101251449000074 ], [ 46.515428021000105, 39.102771076000124 ], [ 46.514731586000096, 39.103188402000171 ], [ 46.512189142000068, 39.103357504000144 ], [ 46.510017913000127, 39.104552894000108 ], [ 46.507994803000031, 39.104505806000134 ], [ 46.505449395000085, 39.10453870900011 ], [ 46.504055959000084, 39.105038251000053 ], [ 46.502851572, 39.106215794000036 ], [ 46.502981012000077, 39.108197915000176 ], [ 46.504598777000069, 39.110029974000156 ], [ 46.505069684000034, 39.111321993 ], [ 46.505541243000096, 39.112959463000152 ], [ 46.506121348000192, 39.115275982000071 ], [ 46.506595858000026, 39.117049499000132 ], [ 46.506192775000159, 39.118630222000093 ], [ 46.505691284000136, 39.120008078000069 ], [ 46.505289615000038, 39.12165682400007 ], [ 46.505934360000026, 39.123218771999973 ], [ 46.505791787000192, 39.124728080000182 ], [ 46.504392059, 39.124950293000154 ], [ 46.50175713200008, 39.12491623000011 ], [ 46.500628165000194, 39.125548415000083 ], [ 46.500756151000076, 39.12746250500004 ], [ 46.500043512000047, 39.127131453000175 ], [ 46.497777020000058, 39.123873488000186 ], [ 46.49654619, 39.12382125400012 ], [ 46.495973934000119, 39.125676295 ], [ 46.495492452000065, 39.128011720000075 ], [ 46.495213924000097, 39.131365218999974 ], [ 46.494176453000136, 39.132200303000161 ], [ 46.491996750000169, 39.133050008000055 ], [ 46.488919505000013, 39.133089364000114 ], [ 46.484834845000137, 39.133481706000055 ], [ 46.484801251000192, 39.133482134000076 ], [ 46.484383735000108, 39.13472273800005 ], [ 46.484004456000036, 39.137465085000031 ], [ 46.48569980200017, 39.137862224000116 ], [ 46.486213223000107, 39.137986534000106 ], [ 46.487369830000148, 39.138652230000105 ], [ 46.489756231000172, 39.139307434000159 ], [ 46.491703035000114, 39.139832126000044 ], [ 46.494698006000021, 39.140338112000165 ], [ 46.497688203999985, 39.14029972000003 ], [ 46.497800290000043, 39.141465515999982 ], [ 46.497523282000031, 39.144887038000149 ], [ 46.49686989800017, 39.147360762000176 ], [ 46.496740181000177, 39.149487530000101 ], [ 46.497559257000091, 39.150707052000087 ], [ 46.497127346000127, 39.151262197000108 ], [ 46.494932592999987, 39.151426466000146 ], [ 46.492382607000025, 39.151323063000177 ], [ 46.490187837000178, 39.15148724200003 ], [ 46.487728086000118, 39.151518673000055 ], [ 46.486604298000032, 39.15242283800012 ], [ 46.485023496000167, 39.15237495000008 ], [ 46.481840797000189, 39.15159369200012 ], [ 46.480132924000031, 39.149971845000096 ], [ 46.477733327000124, 39.148698973000137 ], [ 46.475695783000162, 39.147698881000167 ], [ 46.474012490000064, 39.147243869000192 ], [ 46.472247048000156, 39.146716591000086 ], [ 46.470577958000092, 39.146941803000061 ], [ 46.467606989000046, 39.147596901000099 ], [ 46.464809614000103, 39.148521923000033 ], [ 46.463076823000165, 39.149569606000171 ], [ 46.461341589000142, 39.150826665000125 ], [ 46.460473841000123, 39.151449953000053 ], [ 46.459072022000043, 39.151603605000105 ], [ 46.458910035000031, 39.15222327500004 ], [ 46.459742666000068, 39.154128585000137 ], [ 46.460310825000136, 39.156246572000157 ], [ 46.46107024000014, 39.158833241000025 ], [ 46.460726776000172, 39.159455188000095 ], [ 46.457204423000121, 39.159159067000189 ], [ 46.454913413000099, 39.158910281000033 ], [ 46.452188430000149, 39.158808185000112 ], [ 46.450775264000129, 39.158417517000089 ], [ 46.448470345000089, 39.157488324000042 ], [ 46.446510811000167, 39.156350661000147 ], [ 46.443764861000147, 39.155217478000111 ], [ 46.442243719000032, 39.154142355000033 ], [ 46.440578291000065, 39.154231002000188 ], [ 46.440420298000049, 39.155054734000146 ], [ 46.44062856000005, 39.156695718000037 ], [ 46.440824237000186, 39.157719213000064 ], [ 46.440688550000061, 39.159636630000136 ], [ 46.440170139000088, 39.160260681000182 ], [ 46.438955438, 39.161029422000126 ], [ 46.438811274000159, 39.162533434000011 ], [ 46.438591019000171, 39.164593217 ], [ 46.439407901000038, 39.16574513200004 ], [ 46.439881123000134, 39.167518931000131 ], [ 46.440272530000129, 39.169565920000139 ], [ 46.439071647000105, 39.171020177000116 ], [ 46.437594565000154, 39.171792144000165 ], [ 46.43595511400008, 39.173178501000166 ], [ 46.435278475000189, 39.17462625800016 ], [ 46.435743251000076, 39.175986669000167 ], [ 46.435679587000152, 39.177154691 ], [ 46.434833631000117, 39.178876711000044 ], [ 46.434264873000132, 39.181003583000177 ], [ 46.43328845100018, 39.184915111000123 ], [ 46.432913988, 39.188002684000082 ], [ 46.4377519680001, 39.19239217400019 ], [ 46.440699146000043, 39.194747806000066 ], [ 46.442719916000101, 39.19652860400015 ], [ 46.443836562000115, 39.197514506000175 ], [ 46.446778682000172, 39.199603096000146 ], [ 46.449272152000106, 39.200802141000111 ], [ 46.453070179000179, 39.201644642000133 ], [ 46.454561840000054, 39.201557980000075 ], [ 46.457275414000037, 39.200702291000027 ], [ 46.458664031000126, 39.199863138000183 ], [ 46.45997656100019, 39.199574516000098 ], [ 46.461828837000155, 39.19968737500011 ], [ 46.463773227000047, 39.200348639000083 ], [ 46.465270154000052, 39.200193729000091 ], [ 46.466834935000065, 39.199420308000128 ], [ 46.468317919000071, 39.198920077000025 ], [ 46.469807716000105, 39.19842497500008 ], [ 46.471901222000156, 39.197848948000114 ], [ 46.473028750000026, 39.197080969000069 ], [ 46.47475930100012, 39.195556853000085 ], [ 46.476505837, 39.195121226000026 ], [ 46.478796664000129, 39.195301535000112 ], [ 46.47991825600019, 39.194256151000104 ], [ 46.480516831000045, 39.193290685000193 ], [ 46.482273389000113, 39.193336391000059 ], [ 46.484032381000134, 39.193177906000187 ], [ 46.485437823999973, 39.193159993000052 ], [ 46.487029134000011, 39.193343824000067 ], [ 46.488781387000131, 39.19318535300016 ], [ 46.489474542000039, 39.192564090000189 ], [ 46.491848303000097, 39.192533714000149 ], [ 46.492883788000029, 39.191562588000124 ], [ 46.49374200799997, 39.190797861000135 ], [ 46.494967645000088, 39.190232546000175 ], [ 46.495132385000034, 39.189754119000156 ], [ 46.494152455000119, 39.189217100000178 ], [ 46.493598088000169, 39.18813026000015 ], [ 46.493858299000124, 39.187713421000012 ], [ 46.495762033000062, 39.186458953000169 ], [ 46.497418857000184, 39.185615897000048 ], [ 46.499425277000114, 39.184768319000057 ], [ 46.500639700000136, 39.183998955 ], [ 46.501484717000153, 39.182621938000011 ], [ 46.504345449000084, 39.180527988000165 ], [ 46.505866137000112, 39.179304473000059 ], [ 46.506507453999973, 39.178788462999989 ], [ 46.508504844000072, 39.177532578000125 ], [ 46.51016488099998, 39.177170847000127 ], [ 46.511334125000133, 39.178385724000179 ], [ 46.510136042, 39.179908712000042 ], [ 46.508767461000048, 39.181638031000091 ], [ 46.506860274000076, 39.183028844000148 ], [ 46.505392422999989, 39.184209815000031 ], [ 46.506030638000141, 39.185436838000044 ], [ 46.508348949000037, 39.186914295000179 ], [ 46.510581289000186, 39.188455630000078 ], [ 46.510955933000105, 39.189617998000131 ], [ 46.510100830000113, 39.190518900000086 ], [ 46.506774842000084, 39.191310459000135 ], [ 46.504328339999972, 39.192027759000155 ], [ 46.501624503000187, 39.193297916000176 ], [ 46.499716356000135, 39.194348401000127 ], [ 46.499282649000065, 39.19483029700001 ], [ 46.499472065000077, 39.195513539000046 ], [ 46.500631311000063, 39.196252335000111 ], [ 46.501882351, 39.197194070000137 ], [ 46.502168847000121, 39.198012145000064 ], [ 46.502632175000087, 39.199236205000091 ], [ 46.503551100000152, 39.201003973000127 ], [ 46.504073942000105, 39.201546813000107 ], [ 46.50454142600006, 39.202017088000048 ], [ 46.505794186000116, 39.203032035000092 ], [ 46.507126921000179, 39.203695243000084 ], [ 46.508992571000192, 39.204424812000127 ], [ 46.50945314900008, 39.205512789000181 ], [ 46.51029666400018, 39.207831067000143 ], [ 46.511835268000084, 39.20993095100016 ], [ 46.514430109000102, 39.212022318000095 ], [ 46.516125558000169, 39.212958115000163 ], [ 46.516903651000177, 39.212534484000173 ], [ 46.517803066000056, 39.209308981000049 ], [ 46.519056426000191, 39.206277754000155 ], [ 46.520137866000141, 39.20339007900003 ], [ 46.520983462000117, 39.201735505999977 ], [ 46.521546076000106, 39.199126768000156 ], [ 46.522827240000083, 39.197398447000069 ], [ 46.524299470000017, 39.196421335000025 ], [ 46.527372060000062, 39.196040864999986 ], [ 46.529116782000187, 39.195536429000185 ], [ 46.530692000000158, 39.194971385000144 ], [ 46.53198320700011, 39.193719143000123 ], [ 46.532626163000032, 39.19111452900006 ], [ 46.533360141000173, 39.188367389000121 ], [ 46.533385001000113, 39.185488257000145 ], [ 46.533014316999981, 39.180499715000053 ], [ 46.533634730000074, 39.176864250000051 ], [ 46.535092282000051, 39.174929336 ], [ 46.5367724030001, 39.171484019000161 ], [ 46.537183264000078, 39.169971149 ], [ 46.536176546999968, 39.168204797000044 ], [ 46.536149791000071, 39.166975111999989 ], [ 46.536552440000094, 39.16539430600011 ], [ 46.537395740000079, 39.163671596000086 ], [ 46.537625067000135, 39.162161117000039 ], [ 46.537936633000129, 39.160105195000142 ], [ 46.538437070000043, 39.159004638000113 ], [ 46.539237583000101, 39.159334289000128 ], [ 46.540568412000027, 39.159934337000038 ], [ 46.542548943000043, 39.161959943000113 ], [ 46.543991141000163, 39.16365242500018 ], [ 46.544094254000072, 39.163755743000024 ], [ 46.545516325000051, 39.165139654000029 ], [ 46.546082559000183, 39.167047859999968 ], [ 46.545665109000083, 39.167943213000115 ], [ 46.544624748999979, 39.168642691000059 ], [ 46.543585741000186, 39.16940495200015 ], [ 46.543621668000071, 39.171048014 ], [ 46.544027701000175, 39.171780656000067 ], [ 46.544720585000107, 39.173022444000139 ], [ 46.544935799000143, 39.174867261000088 ], [ 46.545498285000178, 39.176293970000131 ], [ 46.547109690000184, 39.177711985000144 ], [ 46.551657049000084, 39.180525076000094 ], [ 46.554874980000136, 39.182811383000171 ], [ 46.556206270000189, 39.183406006000041 ], [ 46.559208844000125, 39.183847401999969 ], [ 46.561325337000142, 39.184363409000127 ], [ 46.56302233100007, 39.185371785000086 ], [ 46.563423663000037, 39.185575767000103 ], [ 46.565335643000139, 39.186570755000162 ], [ 46.567291838000074, 39.187434262000124 ], [ 46.568564875000163, 39.189332834000027 ], [ 46.569747540000037, 39.191096520000087 ], [ 46.569750567000028, 39.191232568000146 ], [ 46.569796331000077, 39.193288979000044 ], [ 46.568951872000127, 39.194938651000086 ], [ 46.568989936000094, 39.196649710000031 ], [ 46.568937553000126, 39.198225899000136 ], [ 46.570628152000097, 39.19922901100017 ], [ 46.572926877000157, 39.199747579000075 ], [ 46.573737238000149, 39.200490352000031 ], [ 46.57420333500005, 39.201782125000022 ], [ 46.574347600000181, 39.201916263000101 ], [ 46.57519314700005, 39.202726594000126 ], [ 46.576233687000183, 39.202026843000056 ], [ 46.577610213000014, 39.200710137000158 ], [ 46.579961171000036, 39.199652377000064 ], [ 46.582061998000029, 39.199142319000089 ], [ 46.585149751000188, 39.199445794000098 ], [ 46.587101828000129, 39.200099652000176 ], [ 46.588178732000074, 39.201320233 ], [ 46.58813137500016, 39.203100490000168 ], [ 46.586672284000144, 39.204627810000034 ], [ 46.584842798000068, 39.205542523000133 ], [ 46.582401237000113, 39.206465525000112 ], [ 46.578903563000097, 39.207397563000143 ], [ 46.575932684000065, 39.208123472000068 ], [ 46.573500139000146, 39.209459664000121 ], [ 46.572858047000125, 39.210232522000126 ], [ 46.572471604000043, 39.210703580000029 ], [ 46.572766024000032, 39.212138996000135 ], [ 46.573149300000125, 39.213636020000024 ], [ 46.57477341200007, 39.215257594000093 ], [ 46.576396960000125, 39.217151328000114 ], [ 46.577899522000052, 39.217544478000093 ], [ 46.580174259999978, 39.216964052000037 ], [ 46.581936623000047, 39.2169401270001 ], [ 46.584143974000028, 39.217255577000117 ], [ 46.586352756000167, 39.217633776000014 ], [ 46.58804253600016, 39.218568594000089 ], [ 46.589834326000073, 39.219847448000053 ], [ 46.591521014000193, 39.220640936000166 ], [ 46.592512982000017, 39.22165850000016 ], [ 46.593662724000126, 39.22191494700013 ], [ 46.594443626999976, 39.221632084000078 ], [ 46.596443551000107, 39.220505519000085 ], [ 46.597743390000062, 39.219665935000023 ], [ 46.599140577000128, 39.218966322000142 ], [ 46.599930691000111, 39.219091558000059 ], [ 46.60083673400004, 39.220173040000191 ], [ 46.601739713000086, 39.221118470000079 ], [ 46.602986329000032, 39.221786989000066 ], [ 46.603507937000188, 39.221643721000078 ], [ 46.604990884000017, 39.22086957900018 ], [ 46.605956452000157, 39.220720181000047 ], [ 46.606143754000016, 39.22126194700013 ], [ 46.607218616000182, 39.22206887599998 ], [ 46.60889945100007, 39.22259525000004 ], [ 46.610403733000169, 39.22305076400005 ], [ 46.611818091000146, 39.223104475000184 ], [ 46.613050700000088, 39.223155453000118 ], [ 46.614012670000079, 39.223142125000095 ], [ 46.61534725700011, 39.223531882000088 ], [ 46.616057916000045, 39.224003562 ], [ 46.617006209000067, 39.22310059900019 ], [ 46.618226202000187, 39.222602114000097 ], [ 46.61982002600007, 39.222852131000081 ], [ 46.621059014000082, 39.223180343000024 ], [ 46.622487015000047, 39.2241183000001 ], [ 46.624008779000178, 39.225327106000123 ], [ 46.625190309000061, 39.226954134000096 ], [ 46.625695414, 39.227554241000121 ], [ 46.626276585000085, 39.228242263000027 ], [ 46.627168886000106, 39.228706102000103 ], [ 46.629289200000187, 39.229016674000036 ], [ 46.630520344999979, 39.228999442000031 ], [ 46.632201510000129, 39.229525472000034 ], [ 46.633805122000069, 39.230188653000084 ], [ 46.635055353000041, 39.230992860000129 ], [ 46.634712991000185, 39.231610056000193 ], [ 46.632702654000184, 39.231983710000065 ], [ 46.630157092000047, 39.232495676000099 ], [ 46.627443413000151, 39.233015169000055 ], [ 46.625251218000017, 39.233386002000088 ], [ 46.622793469000158, 39.233624408000082 ], [ 46.620771581000042, 39.233793888000093 ], [ 46.618746436000094, 39.233822056000065 ], [ 46.617082560000085, 39.234049304000052 ], [ 46.615333960000157, 39.234691197000132 ], [ 46.613054174000183, 39.235063016000083 ], [ 46.611919721, 39.235486986000183 ], [ 46.610259011000096, 39.235855413000024 ], [ 46.609377605000191, 39.235867598000027 ], [ 46.608257215000037, 39.236908963000133 ], [ 46.607032128000185, 39.237198050000188 ], [ 46.606130417000088, 39.236320691000174 ], [ 46.605074067000089, 39.236335256000189 ], [ 46.604196282000032, 39.236211265000179 ], [ 46.603482062000069, 39.235880884000096 ], [ 46.602083582000034, 39.236240350000173 ], [ 46.600932030000138, 39.235915970000121 ], [ 46.600047529000051, 39.235792039000103 ], [ 46.598978710000154, 39.235257138000179 ], [ 46.597823983000069, 39.234791449000113 ], [ 46.595617687000129, 39.234549527000127 ], [ 46.593416022000156, 39.2345116300001 ], [ 46.590968977999978, 39.235230757000011 ], [ 46.589423374000035, 39.236827334000054 ], [ 46.588221333000149, 39.238141796000093 ], [ 46.587184994999973, 39.239045727000189 ], [ 46.585538774000099, 39.240366215000051 ], [ 46.584860648000131, 39.241338525000174 ], [ 46.583053258000177, 39.24327879700013 ], [ 46.582271455000068, 39.24383377200013 ], [ 46.580366382000079, 39.245026851000034 ], [ 46.579682821000119, 39.246062014000131 ], [ 46.579888433000065, 39.247425329000066 ], [ 46.579839348000178, 39.24913755100016 ], [ 46.578839595000147, 39.251684423000029 ], [ 46.5778965290001, 39.252859180000144 ], [ 46.575642696000045, 39.254124952000041 ], [ 46.573563004999983, 39.255655267000122 ], [ 46.572517104000042, 39.256150935999983 ], [ 46.571016235000116, 39.256171196000082 ], [ 46.568017229000134, 39.255730084000163 ], [ 46.565537284000072, 39.255014976000155 ], [ 46.562177125000119, 39.254374437000024 ], [ 46.558654207000131, 39.254285562 ], [ 46.554610125000181, 39.254679845000055 ], [ 46.553230636000194, 39.255928275000144 ], [ 46.552397317000043, 39.258132486000193 ], [ 46.551456720000147, 39.259443085000157 ], [ 46.54944660100017, 39.259883348000074 ], [ 46.547446181000055, 39.261071927000103 ], [ 46.545733837000114, 39.263423857000191 ], [ 46.543768459000034, 39.265909969 ], [ 46.542848714000058, 39.268183301000192 ], [ 46.540809950000096, 39.271633413000188 ], [ 46.53885541700015, 39.274941055000113 ], [ 46.538007935000167, 39.276527722000026 ], [ 46.535686698000063, 39.279091676000064 ], [ 46.532782369000188, 39.283029365 ], [ 46.529952600000058, 39.286693828000068 ], [ 46.526770906000081, 39.290294794000147 ], [ 46.525749369000039, 39.291951698000105 ], [ 46.524194619000184, 39.29387204600016 ], [ 46.524122359000046, 39.293956738000077 ], [ 46.522405511000102, 39.29617229500019 ], [ 46.520962355000052, 39.298588380000126 ], [ 46.520729263000135, 39.299957526000071 ], [ 46.522166514000105, 39.301310075000174 ], [ 46.524123964000069, 39.302106214000048 ], [ 46.527124607000133, 39.302543188000186 ], [ 46.532776690000162, 39.303154562000145 ], [ 46.535352445000171, 39.303874324000162 ], [ 46.53571146000013, 39.303963802000112 ], [ 46.537208261999979, 39.304326132000085 ], [ 46.538306112000043, 39.306159262000051 ], [ 46.53879788800009, 39.308618016000082 ], [ 46.538643739000179, 39.309577892000107 ], [ 46.537424643000065, 39.310211624000146 ], [ 46.534628579000184, 39.311138318000076 ], [ 46.533424270000069, 39.312452244000099 ], [ 46.53248867100001, 39.31404002700009 ], [ 46.531542533000106, 39.315146404000075 ], [ 46.530063528000028, 39.315919565000172 ], [ 46.529372635000129, 39.316682354000136 ], [ 46.529412863000061, 39.318529457000125 ], [ 46.529267572000037, 39.319902695000053 ], [ 46.528859429000136, 39.321274153 ], [ 46.527641522000181, 39.321975810000083 ], [ 46.525631596000153, 39.322823926000069 ], [ 46.523795305000135, 39.323601691000192 ], [ 46.522060666000073, 39.32471831200013 ], [ 46.520044587000143, 39.325289006000105 ], [ 46.51796465100017, 39.326959656000156 ], [ 46.516046455000094, 39.328010539000161 ], [ 46.514841625000088, 39.329329514000108 ], [ 46.514096111000185, 39.331322933000138 ], [ 46.513777381000125, 39.333106666000162 ], [ 46.51312379500007, 39.335303010000189 ], [ 46.511839984000119, 39.337031238000179 ], [ 46.509939100000054, 39.338903547000086 ], [ 46.507699511000112, 39.341329791000135 ], [ 46.506048076000184, 39.342586417000177 ], [ 46.504140390000089, 39.343841099000088 ], [ 46.500986820000094, 39.344839655000101 ], [ 46.499530340000035, 39.345449883000128 ], [ 46.497685416000138, 39.345232876000011 ], [ 46.495405835999975, 39.3442310800001 ], [ 46.491785126000082, 39.342288602000167 ], [ 46.48962021, 39.341599266000117 ], [ 46.487027526000077, 39.340125010000179 ], [ 46.485972886000013, 39.338704343000131 ], [ 46.485317592000172, 39.336723755000037 ], [ 46.484251420000078, 39.334753638 ], [ 46.483811739000032, 39.333403616000055 ], [ 46.481943750000084, 39.332077022000078 ], [ 46.477944861000083, 39.331970853000087 ], [ 46.476167153000063, 39.332045756000127 ], [ 46.472935144000076, 39.332191390000105 ], [ 46.469660499000099, 39.332232790000148 ], [ 46.468647934999979, 39.332800387000134 ], [ 46.469377173000112, 39.333508253000105 ], [ 46.469489858000088, 39.334061645000077 ], [ 46.468187403000059, 39.335271458000079 ], [ 46.467075459000114, 39.335924041000112 ], [ 46.465144689000056, 39.336743949000095 ], [ 46.463429313000063, 39.337875161999989 ], [ 46.461805151000135, 39.338534135000089 ], [ 46.459759884999983, 39.338716831000113 ], [ 46.458738988000164, 39.338891890000127 ], [ 46.457494188000055, 39.338347439000074 ], [ 46.456564599000103, 39.337725751000164 ], [ 46.453486842000132, 39.337523464000071 ], [ 46.452157597000166, 39.337780828 ], [ 46.451557486000183, 39.338421641000025 ], [ 46.44950894800013, 39.338447175000169 ], [ 46.447887875000049, 39.339262940000083 ], [ 46.449331432000179, 39.339642762000096 ], [ 46.45190037600014, 39.340008531000024 ], [ 46.451825604000135, 39.341281350000088 ], [ 46.451033112000118, 39.342725378000068 ], [ 46.450121330000172, 39.343291557999976 ], [ 46.449637054000107, 39.344647989000066 ], [ 46.448627645000158, 39.345058351000091 ], [ 46.44824279900007, 39.34633502700018 ], [ 46.447982040000113, 39.348725020000131 ], [ 46.446659301000182, 39.348982240000112 ], [ 46.446034452000049, 39.348429959000157 ], [ 46.445696608, 39.347083759000157 ], [ 46.44536039400009, 39.345816050000167 ], [ 46.444345819000091, 39.346304950000103 ], [ 46.443543489000092, 39.346953466000116 ], [ 46.442333262000091, 39.347764056000017 ], [ 46.441117880000036, 39.348653209000133 ], [ 46.439804889000072, 39.349386534000189 ], [ 46.43870372300006, 39.350588294000147 ], [ 46.437382321000143, 39.351243185000044 ], [ 46.435547259000032, 39.351506607000147 ], [ 46.433095315000173, 39.351934622000158 ], [ 46.431563410000194, 39.352189013000157 ], [ 46.430967900000098, 39.353070432000152 ], [ 46.430365972000061, 39.353637882000044 ], [ 46.429465184000094, 39.35475858 ], [ 46.427236624000102, 39.355900800000029 ], [ 46.426130352000087, 39.356866970000056 ], [ 46.425536436000129, 39.35783208700002 ], [ 46.424134600000116, 39.359518930999968 ], [ 46.42209507900003, 39.360020178000184 ], [ 46.420368785000051, 39.360674590000144 ], [ 46.418435184000032, 39.361415249000061 ], [ 46.417309451000051, 39.361428967000109 ], [ 46.415991107000025, 39.361921321000182 ], [ 46.414757509000083, 39.361936327000194 ], [ 46.41357972600008, 39.361709873000109 ], [ 46.413214132, 39.361635803000183 ], [ 46.410763688000145, 39.361827797000046 ], [ 46.409856168000033, 39.362634380000088 ], [ 46.410193411000137, 39.363980691000052 ], [ 46.411747684000034, 39.365155217000051 ], [ 46.412110036000172, 39.365737039000066 ], [ 46.412388651000185, 39.366178555000147 ], [ 46.412200540000185, 39.367217190000019 ], [ 46.411426323000171, 39.367613907000077 ], [ 46.411085876000129, 39.367785528000184 ], [ 46.409450940000056, 39.367967602000135 ], [ 46.407504202000098, 39.368069680000076 ], [ 46.405763298000124, 39.368012215000192 ], [ 46.404749692000109, 39.36857927200009 ], [ 46.404667652000057, 39.369532868000135 ], [ 46.404890670000043, 39.370566527000165 ], [ 46.404609518000029, 39.371679549000021 ], [ 46.403403230000038, 39.372730457000102 ], [ 46.404348773000038, 39.374147956000058 ], [ 46.404393444000107, 39.376377140000159 ], [ 46.404431617000171, 39.378281888000174 ], [ 46.40395895000006, 39.379936331000181 ], [ 46.403952626000034, 39.379957344000047 ], [ 46.403919542000153, 39.37998914800005 ], [ 46.402645047000135, 39.381009464999977 ], [ 46.402044222000086, 39.381655267000156 ], [ 46.400948290000144, 39.383175886000117 ], [ 46.399415680000175, 39.383435100000042 ], [ 46.397780241000135, 39.383611784000095 ], [ 46.395524530000102, 39.383801120000157 ], [ 46.393890633000183, 39.384056242000099 ], [ 46.393922284000041, 39.385647026000129 ], [ 46.393525202000035, 39.386368853000079 ], [ 46.391897579000101, 39.386943152000072 ], [ 46.389461853, 39.387924873000031 ], [ 46.389588231000175, 39.389195247000146 ], [ 46.390422073000082, 39.389745331000029 ], [ 46.39247332500014, 39.390118587000131 ], [ 46.393811711000069, 39.390259581000123 ], [ 46.395160869000108, 39.39127975700012 ], [ 46.395592784000087, 39.392305691000104 ], [ 46.395308280000165, 39.393261707000136 ], [ 46.394397056000059, 39.393911190000154 ], [ 46.392767706000086, 39.394407011000055 ], [ 46.390726936000135, 39.394907728000192 ], [ 46.388788960000056, 39.395490927000026 ], [ 46.387474436000161, 39.396218448000127 ], [ 46.386052078000091, 39.396952474000102 ], [ 46.385148586000128, 39.397999584000047 ], [ 46.384974505000173, 39.399430561000031 ], [ 46.383881137000117, 39.401113245000033 ], [ 46.384504333000166, 39.401582130000179 ], [ 46.386155976000168, 39.402201018000028 ], [ 46.387507235000101, 39.402980488000026 ], [ 46.388864339000122, 39.404393195000125 ], [ 46.390239363000035, 39.406365717000085 ], [ 46.390667784000073, 39.407553964000101 ], [ 46.390383156000155, 39.408509967000043 ], [ 46.390308788000027, 39.409861246000048 ], [ 46.390001710000035, 39.410027173000174 ], [ 46.389618585000051, 39.411460651000141 ], [ 46.391074476000142, 39.412401083000134 ], [ 46.391912792000028, 39.413500676000069 ], [ 46.391658232000111, 39.41596896700014 ], [ 46.391099665000183, 39.418760170000041 ], [ 46.38972106600005, 39.421718192000185 ], [ 46.387826461000088, 39.424525334000123 ], [ 46.386460691000025, 39.427802441000097 ], [ 46.384685865999984, 39.431560700000091 ], [ 46.382792789000121, 39.434126974000151 ], [ 46.381690551000077, 39.43573122600003 ], [ 46.38306280900008, 39.437541598000053 ], [ 46.385068224, 39.440302244000065 ], [ 46.386833028000012, 39.44147457400004 ], [ 46.38889097800012, 39.441769291000185 ], [ 46.391255761000139, 39.442217321000157 ], [ 46.393232213000033, 39.442146553000157 ], [ 46.394635328000049, 39.442098330000135 ], [ 46.396699597000065, 39.442706875000169 ], [ 46.395800773000133, 39.443670262000182 ], [ 46.393965868000123, 39.444409334000056 ], [ 46.392819145000146, 39.445469882000054 ], [ 46.392660086000035, 39.445618340000067 ], [ 46.391250958000171, 39.447064099000045 ], [ 46.391824124000152, 39.450082514000144 ], [ 46.391767166000079, 39.452307660000031 ], [ 46.392727886000159, 39.454442110000059 ], [ 46.394718307000119, 39.456407184000113 ], [ 46.397194869000032, 39.457016004000081 ], [ 46.398934844000166, 39.456916574000161 ], [ 46.401073774000054, 39.456173760000183 ], [ 46.403312331000109, 39.455351194000173 ], [ 46.405957738000041, 39.454282901000113 ], [ 46.410053646000165, 39.453835520000155 ], [ 46.412822772000141, 39.453885653000157 ], [ 46.416334918000132, 39.454952539000146 ], [ 46.418107088000056, 39.456443572000126 ], [ 46.419366317000026, 39.457940838000184 ], [ 46.423277634000101, 39.458369324000103 ], [ 46.425729809000075, 39.458098518000099 ], [ 46.428183901000068, 39.457592107000039 ], [ 46.431650679000029, 39.456753905000141 ], [ 46.435321785000042, 39.45567754700005 ], [ 46.437958509000055, 39.454210852000131 ], [ 46.440185290000159, 39.452513644000192 ], [ 46.441589982000039, 39.451224373 ], [ 46.443524158, 39.450404809000077 ], [ 46.44535029900004, 39.449586556000156 ], [ 46.448899719999986, 39.447553460000165 ], [ 46.450219544000163, 39.446741438000117 ], [ 46.45249198800002, 39.447592390000182 ], [ 46.454855704000067, 39.447960626000054 ], [ 46.45722782900009, 39.448407218000057 ], [ 46.458266914000035, 39.449027507000153 ], [ 46.460353476000193, 39.450990243000035 ], [ 46.46499047400016, 39.45673642100013 ], [ 46.469090081000161, 39.461615118999987 ], [ 46.471703848000175, 39.463890254000034 ], [ 46.474518544000148, 39.466079037000043 ], [ 46.479196719000072, 39.468882603 ], [ 46.480375110000125, 39.469998145000147 ], [ 46.481919019000088, 39.471470160000138 ], [ 46.48359338400013, 39.473039935000088 ], [ 46.485379226000134, 39.475084552000055 ], [ 46.485095654000133, 39.476040757000078 ], [ 46.484300747000134, 39.477406507000069 ], [ 46.48414415100018, 39.477664971000138 ], [ 46.483016189000068, 39.479568828000026 ], [ 46.48202363300004, 39.48117261100009 ], [ 46.482460854000067, 39.482360381000149 ], [ 46.483802862000061, 39.482898061000071 ], [ 46.486183143000119, 39.483663220000039 ], [ 46.48713038700015, 39.483740084000033 ], [ 46.488747359000172, 39.483865940000101 ], [ 46.491716715, 39.48343009600012 ], [ 46.494154145999971, 39.482126942000093 ], [ 46.496498815999985, 39.481541984000046 ], [ 46.49865795300002, 39.481754934000094 ], [ 46.49899151, 39.481876248000162 ], [ 46.499488473000042, 39.482058262000123 ], [ 46.499509041000124, 39.48301581100003 ], [ 46.499934646000099, 39.483962901000041 ], [ 46.50117890100006, 39.484344622000094 ], [ 46.502607055000112, 39.484169153000096 ], [ 46.50299158200005, 39.48289233100013 ], [ 46.504014448000135, 39.482716850000088 ], [ 46.505359988000066, 39.483097215000043 ], [ 46.507000816000129, 39.48307595700004 ], [ 46.507907159000069, 39.482509406000133 ], [ 46.509101548000046, 39.480583514000159 ], [ 46.511402990000022, 39.478009913999983 ], [ 46.512914866000074, 39.47671839800006 ], [ 46.51474424200012, 39.476056035000056 ], [ 46.515755049000177, 39.475331043000153 ], [ 46.515823321000141, 39.473498267000025 ], [ 46.516956037000057, 39.473724256000139 ], [ 46.518301542000074, 39.474418510000191 ], [ 46.519153000000188, 39.475684473000058 ], [ 46.519964708000032, 39.475433102000125 ], [ 46.521788645000015, 39.474215900000161 ], [ 46.5244416540001, 39.473547836000137 ], [ 46.52628124000006, 39.473361448000162 ], [ 46.527415701000052, 39.473665820000122 ], [ 46.528754196000193, 39.473726737000106 ], [ 46.528811939000093, 39.471737076000011 ], [ 46.530107077000139, 39.470128916000192 ], [ 46.531309479000186, 39.468605706000119 ], [ 46.532832951999978, 39.46786857900014 ], [ 46.53508945100009, 39.467917318000161 ], [ 46.536649704000126, 39.468854520000093 ], [ 46.53769853600005, 39.469871742000066 ], [ 46.538030331000073, 39.471139203000064 ], [ 46.538157873000159, 39.472330857000031 ], [ 46.540510593000135, 39.472755060000054 ], [ 46.541046138000127, 39.472847408000064 ], [ 46.541372812000134, 39.473879399000111 ], [ 46.539866555000117, 39.475092698000026 ], [ 46.539085971000191, 39.475526984000112 ], [ 46.537531524000087, 39.476395451000087 ], [ 46.536217223000165, 39.477129876 ], [ 46.535726649000082, 39.478162211000097 ], [ 46.535726764000174, 39.478167443000132 ], [ 46.53492581900008, 39.479214341999977 ], [ 46.53433577200019, 39.480331727000191 ], [ 46.535182300000031, 39.481356872000163 ], [ 46.534807116000081, 39.483031454000184 ], [ 46.534608262000177, 39.483510368000168 ], [ 46.533913440000049, 39.484472115000074 ], [ 46.533121132000019, 39.485916666000151 ], [ 46.531801324000071, 39.486410353000053 ], [ 46.530373454000085, 39.48690544699997 ], [ 46.528533411000126, 39.487086674000125 ], [ 46.527206908999972, 39.487585630000069 ], [ 46.525157502000184, 39.487769554000181 ], [ 46.523010330000147, 39.48811697400015 ], [ 46.521493067000108, 39.488853892000179 ], [ 46.520744382000032, 39.489214363000087 ], [ 46.519968905000098, 39.489585647000069 ], [ 46.51944302000004, 39.490251998000019 ], [ 46.518766018000122, 39.491113978000101 ], [ 46.517870013000163, 39.492156767000154 ], [ 46.517267829000104, 39.493043931000045 ], [ 46.515643934000082, 39.493855440000118 ], [ 46.514428670000086, 39.494509818999973 ], [ 46.514445931000182, 39.495305153000061 ], [ 46.514784196000051, 39.49657259300011 ], [ 46.514513165000096, 39.498402770000155 ], [ 46.514649004000034, 39.49999211700009 ], [ 46.513971006000077, 39.501749084000096 ], [ 46.513268911000125, 39.502396767000107 ], [ 46.510820841000111, 39.503224169000191 ], [ 46.508784730000116, 39.504046174000052 ], [ 46.508290290000048, 39.504926658000102 ], [ 46.508831134000047, 39.506191485000045 ], [ 46.509986678000075, 39.507448326000031 ], [ 46.511037541000064, 39.508549497000104 ], [ 46.511059873000136, 39.50958029200018 ], [ 46.50953356499997, 39.510238663000052 ], [ 46.508120401000156, 39.511131074000048 ], [ 46.506629077000184, 39.512160563000066 ], [ 46.505890098000066, 39.512672596000073 ], [ 46.50285581300011, 39.514538510000079 ], [ 46.50062359500015, 39.516001448000168 ], [ 46.500243816000079, 39.517194453 ], [ 46.50027297600019, 39.518549664000147 ], [ 46.501112625000133, 39.519569907000118 ], [ 46.502764577, 39.520024847000116 ], [ 46.505544803000191, 39.520465154000192 ], [ 46.507098970000072, 39.521083550000185 ], [ 46.508960434000073, 39.52153568500006 ], [ 46.509795146000044, 39.522320401000115 ], [ 46.510233117000155, 39.523508044000096 ], [ 46.510667589000036, 39.524533480000173 ], [ 46.512646239000162, 39.526020347000042 ], [ 46.516048363000095, 39.526452304000145 ], [ 46.517494648000138, 39.527071967000154 ], [ 46.519050776000086, 39.527768684000193 ], [ 46.52225567500011, 39.528757831000064 ], [ 46.526892991000125, 39.529414044000077 ], [ 46.529982818000065, 39.529771185000016 ], [ 46.53318277600016, 39.530524568000089 ], [ 46.53587619100017, 39.531598592000137 ], [ 46.538783029000172, 39.533151245000113 ], [ 46.541197319999981, 39.535348893000048 ], [ 46.54308598700004, 39.537307476000194 ], [ 46.544356446999984, 39.53912246200008 ], [ 46.545628391999969, 39.540696654000101 ], [ 46.54533865500008, 39.541653075000113 ], [ 46.543922177000127, 39.542708212000093 ], [ 46.54251055900005, 39.543679526000176 ], [ 46.542631282000173, 39.54455198300019 ], [ 46.544107783000015, 39.546201982000184 ], [ 46.547093784000083, 39.546717058000183 ], [ 46.548837453000033, 39.546693831000084 ], [ 46.551906926000072, 39.546098088000122 ], [ 46.554674338000098, 39.545904080000014 ], [ 46.557434219000072, 39.545071574000076 ], [ 46.561299814000108, 39.543507111000054 ], [ 46.563446707000026, 39.543080471999986 ], [ 46.566004045000057, 39.542569755000102 ], [ 46.568765847000122, 39.542134729000168 ], [ 46.570400821000192, 39.541793380000115 ], [ 46.572752107000042, 39.541442315000097 ], [ 46.574906075000115, 39.541334636000158 ], [ 46.575803134000182, 39.540050643000029 ], [ 46.575857751000171, 39.537982522000107 ], [ 46.576241192000168, 39.536705490000088 ], [ 46.576610014000153, 39.536276542000167 ], [ 46.577143617000161, 39.535662172000116 ], [ 46.57876215400006, 39.534603888000106 ], [ 46.580496474000029, 39.534182538999971 ], [ 46.582641171000091, 39.533677069000078 ], [ 46.584073163000085, 39.533338292000053 ], [ 46.58600783300011, 39.532516356000087 ], [ 46.587335368000083, 39.532341215000031 ], [ 46.588373268000169, 39.532803317000116 ], [ 46.587676941000041, 39.533686889000194 ], [ 46.58657020000004, 39.534654569000168 ], [ 46.585158073000173, 39.535867162000045 ], [ 46.584257671000103, 39.536994256000185 ], [ 46.583355457000039, 39.538042859000029 ], [ 46.582865308000066, 39.539080609000052 ], [ 46.583007787000042, 39.540591257000187 ], [ 46.583447501000194, 39.542092621000052 ], [ 46.583262841000192, 39.542890685000032 ], [ 46.581938777000062, 39.543227983000065 ], [ 46.581130576000078, 39.543956023000078 ], [ 46.58168386900013, 39.545696604999989 ], [ 46.582443627000089, 39.547596622000128 ], [ 46.58227154400015, 39.548949303000029 ], [ 46.581370932000084, 39.550076376000106 ], [ 46.58057106900003, 39.550877571000058 ], [ 46.580285459000038, 39.551996269000085 ], [ 46.579806093000172, 39.553515373000153 ], [ 46.579102220000095, 39.554079730000069 ], [ 46.578279398000063, 39.554169417000082 ], [ 46.577150638000091, 39.554184743000121 ], [ 46.576450408000085, 39.554911284000127 ], [ 46.575847881000072, 39.555474247000063 ], [ 46.575155306000056, 39.556839207000053 ], [ 46.573948414000029, 39.557886632000077 ], [ 46.57284654200015, 39.559094873000163 ], [ 46.572663945000045, 39.560290664000036 ], [ 46.572804371000132, 39.561717607000105 ], [ 46.573553315000083, 39.563141544000018 ], [ 46.573372041000027, 39.564096560000166 ], [ 46.572364257000118, 39.564984257000162 ], [ 46.57125150000013, 39.56571634800008 ], [ 46.570035867, 39.566685343000074 ], [ 46.569963143000052, 39.567958152000131 ], [ 46.56926093300001, 39.568606169000191 ], [ 46.568126511000116, 39.568380728000079 ], [ 46.56739242000009, 39.567914352000059 ], [ 46.567636053000058, 39.569423649000157 ], [ 46.5671365070001, 39.57006368500015 ], [ 46.56632784500016, 39.570791627000176 ], [ 46.563986237000051, 39.571618717000035 ], [ 46.561619963, 39.571650546000114 ], [ 46.560469557000033, 39.570713440000191 ], [ 46.55851798600014, 39.57023718500011 ], [ 46.558300356000075, 39.570182531000057 ], [ 46.555848365000145, 39.570613165000168 ], [ 46.553391451000095, 39.571127554000157 ], [ 46.552569099000038, 39.571552021000059 ], [ 46.550549951000164, 39.572594354000046 ], [ 46.54911872800011, 39.573011219000136 ], [ 46.546983151000063, 39.573992236000038 ], [ 46.545768891000137, 39.575044701000024 ], [ 46.545030945, 39.574096721000103 ], [ 46.543578532000026, 39.573561237000035 ], [ 46.541846474000067, 39.574139024000146 ], [ 46.539922206000028, 39.575200850000044 ], [ 46.538185165000073, 39.575862391000157 ], [ 46.535830676000046, 39.576129063 ], [ 46.53296442200002, 39.57680544800013 ], [ 46.531844026000044, 39.577217999000084 ], [ 46.530328661000169, 39.578431289999969 ], [ 46.529028029000017, 39.579877260000103 ], [ 46.527283512000054, 39.579900206000048 ], [ 46.525126528999976, 39.579928541000129 ], [ 46.525243670000179, 39.580644043 ], [ 46.52579761700008, 39.582463388000178 ], [ 46.52479067400003, 39.583429171000091 ], [ 46.523471040000061, 39.584325772000113 ], [ 46.520607536999989, 39.584839568000177 ], [ 46.517317566000031, 39.584720333000121 ], [ 46.515189484000189, 39.584219487000098 ], [ 46.514115255000036, 39.583966565000139 ], [ 46.510913010000195, 39.58321270600004 ], [ 46.508649370000114, 39.5830065990001 ], [ 46.50721766700002, 39.583422956000163 ], [ 46.507244651000121, 39.584668267000097 ], [ 46.507258937000074, 39.585327549000112 ], [ 46.506033412000193, 39.585584200000142 ], [ 46.501396007000096, 39.585089433000121 ], [ 46.499443398000096, 39.585193159000028 ], [ 46.495651531000135, 39.585639811000192 ], [ 46.492993989000183, 39.586307293000175 ], [ 46.488899494000066, 39.586841355000161 ], [ 46.484468330000084, 39.58650028500017 ], [ 46.480537530999982, 39.585194870000066 ], [ 46.476277379000123, 39.583024680999984 ], [ 46.473677384000041, 39.581623605000061 ], [ 46.471069194000052, 39.579830030999972 ], [ 46.46825155200014, 39.577719777000027 ], [ 46.465765169000065, 39.576557844000035 ], [ 46.461609068000143, 39.57446430400006 ], [ 46.457990305000123, 39.573473458000137 ], [ 46.454225340000107, 39.575190257000145 ], [ 46.451594402000012, 39.577133531000186 ], [ 46.448451050000187, 39.579161643000134 ], [ 46.446806283000058, 39.579103628000041 ], [ 46.443410333000088, 39.578748091000193 ], [ 46.439369270000157, 39.577285626000048 ], [ 46.437390655000115, 39.575797522000016 ], [ 46.436895472000117, 39.5744166610001 ], [ 46.436514863000127, 39.573343181999974 ], [ 46.435753898000144, 39.571206683000071 ], [ 46.435202391000075, 39.569386861000112 ], [ 46.434259749000091, 39.568602946000169 ], [ 46.432515440000088, 39.568624464000038 ], [ 46.432442039000136, 39.568672474000095 ], [ 46.430995150000058, 39.569674279000083 ], [ 46.429607295000039, 39.572235046000173 ], [ 46.426272134000044, 39.574824951000096 ], [ 46.422175067000069, 39.576550025000017 ], [ 46.421993998000119, 39.576625516000149 ], [ 46.417908791000059, 39.577947284000118 ], [ 46.414546956000152, 39.579260104000184 ], [ 46.414168405, 39.580934331000037 ], [ 46.414635907000161, 39.58363457300004 ], [ 46.415293339000186, 39.585693960000128 ], [ 46.417394486000035, 39.587892755999974 ], [ 46.419297540000116, 39.59065396 ], [ 46.421209115000124, 39.59349353500005 ], [ 46.422691654000118, 39.595856813000182 ], [ 46.422948550000058, 39.59816181500014 ], [ 46.422245911000118, 39.599201496999967 ], [ 46.420836346999977, 39.600412074000076 ], [ 46.419948686000168, 39.602333298000019 ], [ 46.419047946000092, 39.603616141000032 ], [ 46.418577639000148, 39.605767781000054 ], [ 46.418418483000153, 39.607915619000153 ], [ 46.417866194000169, 39.611026057000117 ], [ 46.417403918000105, 39.61357536700018 ], [ 46.417241259000093, 39.615885495000043 ], [ 46.417689616000132, 39.617628140000079 ], [ 46.416580761000148, 39.618672743000047 ], [ 46.415372090000062, 39.619802294000181 ], [ 46.415081961000112, 39.620842137000182 ], [ 46.41480141500017, 39.622352912 ], [ 46.415243361000137, 39.623781610000094 ], [ 46.415595027000109, 39.625760964000108 ], [ 46.415164011000172, 39.627195064000091 ], [ 46.415113182000141, 39.627357933000155 ], [ 46.414931026000147, 39.628715726000166 ], [ 46.415165000000172, 39.629900964000171 ], [ 46.414570315000049, 39.630944515000067 ], [ 46.413122446000102, 39.630642874000102 ], [ 46.411368482000057, 39.630266427000095 ], [ 46.410017364, 39.629728046000082 ], [ 46.408761587000129, 39.628549961000033 ], [ 46.408331093000015, 39.627681124000162 ], [ 46.407978459000162, 39.627313794000145 ], [ 46.406228986000087, 39.625482196000121 ], [ 46.405173061000028, 39.624139400000047 ], [ 46.40423516900006, 39.623276684000075 ], [ 46.402242846000149, 39.621474128000159 ], [ 46.400136272000111, 39.619034380000073 ], [ 46.399291990000052, 39.617772719000016 ], [ 46.397720551000191, 39.616357553000171 ], [ 46.396979059000103, 39.615492413000027 ], [ 46.394997066000144, 39.613846621000107 ], [ 46.393429057000162, 39.61259360400004 ], [ 46.392115004000061, 39.613881197000126 ], [ 46.391118507000158, 39.615484239000068 ], [ 46.390517919, 39.616245111000126 ], [ 46.389917423000043, 39.617011212000193 ], [ 46.388393868000037, 39.61798200200019 ], [ 46.387278290000097, 39.61871237400004 ], [ 46.38563574200009, 39.618810488000179 ], [ 46.384892848000106, 39.618887388000132 ], [ 46.383893263000061, 39.618988278000131 ], [ 46.381642910000096, 39.619491352000011 ], [ 46.378865307000069, 39.619686608000052 ], [ 46.375272549000158, 39.619729201999974 ], [ 46.372288728000115, 39.619764492000058 ], [ 46.373986276000039, 39.622445115000119 ], [ 46.37503526100005, 39.62346901300009 ], [ 46.377034834000028, 39.625669728000162 ], [ 46.377875703000086, 39.626774575000184 ], [ 46.378443560000107, 39.62946852400006 ], [ 46.377867217000073, 39.631464240000184 ], [ 46.376552963000051, 39.632432391000066 ], [ 46.375036862000115, 39.63380592600015 ], [ 46.374636930000065, 39.634119459000033 ], [ 46.373517493000065, 39.635017230000187 ], [ 46.372813749000102, 39.636056625000094 ], [ 46.371902760000125, 39.636543673000062 ], [ 46.369957947999978, 39.637126654999975 ], [ 46.367181524000159, 39.637075629000037 ], [ 46.36421257600017, 39.637906091 ], [ 46.361248783000178, 39.638657909000017 ], [ 46.358995564000168, 39.639401338000027 ], [ 46.358376503000159, 39.639246330000162 ], [ 46.357327616000191, 39.638227517000132 ], [ 46.355857161000074, 39.636418065000157 ], [ 46.354809784000054, 39.635472485000093 ], [ 46.352932209000187, 39.63430104400004 ], [ 46.35086409400003, 39.633770323000135 ], [ 46.347989443000131, 39.63388223000004 ], [ 46.345437872000161, 39.63494812700003 ], [ 46.342887639000082, 39.636087228000065 ], [ 46.341046217000155, 39.636427772000161 ], [ 46.338984278000169, 39.636216036000064 ], [ 46.335887415000172, 39.635691670000028 ], [ 46.334333721, 39.635154737000107 ], [ 46.33214582800008, 39.633667254000045 ], [ 46.329964142000051, 39.632498926000153 ], [ 46.327675017000104, 39.631017751000115 ], [ 46.326001697000038, 39.629524267000136 ], [ 46.324747323000167, 39.62834524900012 ], [ 46.322987092000119, 39.627967534000049 ], [ 46.321760082000026, 39.628222264000158 ], [ 46.320345867000128, 39.629667206000192 ], [ 46.319232353000189, 39.630553922000161 ], [ 46.317909832000112, 39.631128964000141 ], [ 46.317192498000111, 39.631137102000139 ], [ 46.31542916, 39.630597057000102 ], [ 46.315403589000141, 39.629246997000109 ], [ 46.314462166000112, 39.628142831000105 ], [ 46.313512521000177, 39.62696024100012 ], [ 46.311631411000121, 39.625552638999977 ], [ 46.30935779400005, 39.624861244000101 ], [ 46.3063729590001, 39.624497075000079 ], [ 46.303579968000179, 39.623895149000191 ], [ 46.301512420000165, 39.623358305000181 ], [ 46.300273456000127, 39.622974402000125 ], [ 46.298412885000118, 39.622283401000061 ], [ 46.296865631000173, 39.622059926000134 ], [ 46.294698251000113, 39.621607816000164 ], [ 46.292513178000036, 39.620203288000141 ], [ 46.291767000000107, 39.619018253000036 ], [ 46.290833479000071, 39.618311581000057 ], [ 46.289058917000148, 39.617137951000075 ], [ 46.287909883999987, 39.616119611000045 ], [ 46.287264715, 39.614535646000149 ], [ 46.28683426900011, 39.61358260500009 ], [ 46.285582393000084, 39.612486871000044 ], [ 46.283406490000061, 39.61155312000011 ], [ 46.28143515000005, 39.61070081500003 ], [ 46.278962332000049, 39.610173268000153 ], [ 46.276064240000096, 39.609331071000042 ], [ 46.27297577600018, 39.608804923000037 ], [ 46.271317877000058, 39.608430533000103 ], [ 46.268526660000134, 39.607503233000159 ], [ 46.265327230000082, 39.606821075000028 ], [ 46.262650746000133, 39.60661466900018 ], [ 46.259774171000061, 39.606567389000134 ], [ 46.257189060000144, 39.605799833000049 ], [ 46.256043514, 39.604938154000081 ], [ 46.25457529300013, 39.603441405000126 ], [ 46.253521287000126, 39.602023912 ], [ 46.251767342000051, 39.601561299000025 ], [ 46.249910634000116, 39.601026490000095 ], [ 46.24621614400013, 39.601385452000102 ], [ 46.242927146000113, 39.601342178000095 ], [ 46.237793126000042, 39.601794774000041 ], [ 46.228648679000059, 39.601970355000105 ], [ 46.225048474000175, 39.601929866000035 ], [ 46.216523663000146, 39.602333485000145 ], [ 46.208917327000165, 39.60225586700011 ], [ 46.202689044000067, 39.60244089400004 ], [ 46.200802295000187, 39.602497049000192 ], [ 46.197405003000085, 39.602453605000107 ], [ 46.19595312600012, 39.601437466000164 ], [ 46.195084112000188, 39.598902692000024 ], [ 46.194423417000166, 39.594706595000048 ], [ 46.194393394000031, 39.594534182000075 ], [ 46.193114571000194, 39.591762839000182 ], [ 46.191654874000108, 39.590668214000118 ], [ 46.189061498000115, 39.589339179000035 ], [ 46.18809141800017, 39.588783832 ], [ 46.185554738000064, 39.586407339000118 ], [ 46.18519784, 39.585875111000121 ], [ 46.184777373000145, 39.585248086000036 ], [ 46.184244485000079, 39.584143911000069 ], [ 46.183297647000074, 39.582562421000148 ], [ 46.183274505000156, 39.581201815000156 ], [ 46.183270589000188, 39.580971559000147 ], [ 46.183084257000189, 39.580753628000139 ], [ 46.182221041, 39.579710379000062 ], [ 46.178523200000029, 39.579826455000045 ], [ 46.177930655000125, 39.581182838000132 ], [ 46.177339473000075, 39.583020732000136 ], [ 46.176964594000026, 39.584851197000148 ], [ 46.17646944500018, 39.585971055000073 ], [ 46.176494936000097, 39.58747818900008 ], [ 46.176348463000124, 39.591216748000022 ], [ 46.1767080300001, 39.594076103000134 ], [ 46.17643725400012, 39.596465547000093 ], [ 46.176276022000081, 39.598932390000186 ], [ 46.175990434000084, 39.600447905000067 ], [ 46.17590772799997, 39.601558348000026 ], [ 46.172849822000103, 39.603180392000127 ], [ 46.172250360000078, 39.604144263000023 ], [ 46.172576293000134, 39.605015049000144 ], [ 46.173429768000119, 39.607073857000159 ], [ 46.174476844000083, 39.608172880000041 ], [ 46.174295454000173, 39.609451806000152 ], [ 46.173402057000033, 39.611444513000095 ], [ 46.173135230000071, 39.613676884000142 ], [ 46.172650511000029, 39.61542992700015 ], [ 46.17112123600009, 39.61624091900012 ], [ 46.168769075000057, 39.617217193000101 ], [ 46.166623971000035, 39.618034320999982 ], [ 46.165303012000095, 39.618764635000048 ], [ 46.166141782000182, 39.619949565000184 ], [ 46.16575844099998, 39.621303778000083 ], [ 46.165881282000157, 39.622574401000122 ], [ 46.166024157000152, 39.625038169000049 ], [ 46.166983338000193, 39.626938936000045 ], [ 46.168343162999975, 39.628511159000027 ], [ 46.170535485000187, 39.630477995000035 ], [ 46.172007896000082, 39.632295035000084 ], [ 46.173064798000155, 39.633954000000131 ], [ 46.171724744000073, 39.633967526000163 ], [ 46.16865598000004, 39.634631753000178 ], [ 46.167020676000107, 39.63560601000006 ], [ 46.1648882450001, 39.637213307000081 ], [ 46.162762463000092, 39.639223514000037 ], [ 46.161553274000141, 39.640591209000149 ], [ 46.16096384500014, 39.64218299200013 ], [ 46.160176623000041, 39.644499034000091 ], [ 46.158162721000167, 39.646743566000168 ], [ 46.156655178000051, 39.648909745000083 ], [ 46.155853098000136, 39.650346600000034 ], [ 46.153198936000081, 39.651566327000126 ], [ 46.146436481000194, 39.653302910000036 ], [ 46.139878308000164, 39.654717824000045 ], [ 46.133731560000172, 39.656049843 ], [ 46.131476514000099, 39.656867397000156 ], [ 46.129555127000174, 39.658634242000062 ], [ 46.127638525000066, 39.661118061000138 ], [ 46.125615128000049, 39.663288846000114 ], [ 46.124404705000188, 39.664650931999972 ], [ 46.122671916000058, 39.665541767000093 ], [ 46.119344954000155, 39.666688714000031 ], [ 46.116798750000157, 39.668382860000065 ], [ 46.114660359000027, 39.669753765000053 ], [ 46.113048041000013, 39.671836641000084 ], [ 46.111135602000161, 39.674639417000151 ], [ 46.110239670000112, 39.676636887000086 ], [ 46.10874429200004, 39.679273382000133 ], [ 46.106734995000124, 39.681548380000095 ], [ 46.106621947000178, 39.681680305999976 ], [ 46.103777244000071, 39.684251078000102 ], [ 46.100205559000074, 39.686273874000108 ], [ 46.097239173000105, 39.687176012000123 ], [ 46.095180084, 39.687195451000093 ], [ 46.092695279000054, 39.686423302000037 ], [ 46.091143992000184, 39.685563821000073 ], [ 46.088356435000037, 39.685349221000081 ], [ 46.086200799000039, 39.685688677000087 ], [ 46.085167504000083, 39.685457577000136 ], [ 46.083735353000122, 39.685711714000149 ], [ 46.082077046000165, 39.6849316200001 ], [ 46.080815287000121, 39.68351450300014 ], [ 46.080075008000051, 39.682087288000105 ], [ 46.079866456000047, 39.680874951000078 ], [ 46.079732484000147, 39.680101572000126 ], [ 46.080019244000084, 39.678507783000157 ], [ 46.080200162000096, 39.677077230000179 ], [ 46.076828171000102, 39.678458909000028 ], [ 46.075393011000187, 39.678948499000171 ], [ 46.074173945000041, 39.679833853000105 ], [ 46.072651965000034, 39.681282027000179 ], [ 46.070617602000027, 39.682891924000046 ], [ 46.069498790000182, 39.683697795000057 ], [ 46.068059760000153, 39.683946568000124 ], [ 46.067253674000028, 39.684828050000192 ], [ 46.066247418000103, 39.686349907000078 ], [ 46.06595661, 39.687702937000154 ], [ 46.065675059000114, 39.689218133000111 ], [ 46.064552390000188, 39.689783231000149 ], [ 46.063007999000035, 39.68979738000013 ], [ 46.061459999000192, 39.689576014000124 ], [ 46.060227197000188, 39.689587277000101 ], [ 46.058798963000129, 39.69055288900006 ], [ 46.057794836000085, 39.692231671000059 ], [ 46.059261994000167, 39.693809416000079 ], [ 46.061328598000102, 39.694266834000132 ], [ 46.062666786000136, 39.694495355000129 ], [ 46.064414506000162, 39.694479346000094 ], [ 46.066270610000061, 39.694462316000113 ], [ 46.066997206000167, 39.6950104390001 ], [ 46.068144461000145, 39.696036211000035 ], [ 46.069714763000036, 39.69769138200013 ], [ 46.070048450000172, 39.699117173000047 ], [ 46.06985807600006, 39.70039077500013 ], [ 46.069362830000102, 39.70166718500019 ], [ 46.068555349000178, 39.702470178000112 ], [ 46.066926221000074, 39.703599989000054 ], [ 46.066018825000128, 39.704958680000118 ], [ 46.065217932, 39.706635656000174 ], [ 46.063396398000123, 39.70848423200016 ], [ 46.061265411000079, 39.710487392000175 ], [ 46.058624296000175, 39.712819670000044 ], [ 46.056693927000026, 39.714663898000083 ], [ 46.054756998000073, 39.715639322000129 ], [ 46.052506301000108, 39.71693159400013 ], [ 46.049646829000153, 39.718307837 ], [ 46.047700466000094, 39.719120976000056 ], [ 46.045654362000107, 39.71961571200012 ], [ 46.045156168000119, 39.720735025000124 ], [ 46.044659143000104, 39.721932834000029 ], [ 46.043532625000125, 39.722738523000146 ], [ 46.042309943000078, 39.723461322 ], [ 46.041188969000018, 39.72418843000014 ], [ 46.04016247300018, 39.724438392000025 ], [ 46.038418694000086, 39.724768040000129 ], [ 46.036684538000088, 39.725741347999985 ], [ 46.036279432000185, 39.726299761000121 ], [ 46.035269480000068, 39.727659126000049 ], [ 46.034459296000193, 39.728781175000108 ], [ 46.033560138000041, 39.73030178800002 ], [ 46.032345897000027, 39.732060724000121 ], [ 46.032876401000067, 39.733087087 ], [ 46.032989945000054, 39.73388163300001 ], [ 46.033730673000036, 39.734911355000122 ], [ 46.033741385000042, 39.735628307000127 ], [ 46.033241636000184, 39.736663839000187 ], [ 46.032537350000155, 39.73762267900014 ], [ 46.032449122000116, 39.738979047999976 ], [ 46.03174121100011, 39.739697155000158 ], [ 46.031663256000115, 39.741288959000087 ], [ 46.031341171000065, 39.742422347000058 ], [ 46.031077199000038, 39.743361563000121 ], [ 46.02944416400004, 39.744333864000055 ], [ 46.028318274000128, 39.745217907000097 ], [ 46.025870687, 39.746589915000072 ], [ 46.024332061000109, 39.747079790000043 ], [ 46.024216735000152, 39.747075574000064 ], [ 46.021754751000174, 39.747023997000156 ], [ 46.019693830999984, 39.74704212100005 ], [ 46.016305527000156, 39.747626633000095 ], [ 46.014356791000182, 39.748360726000158 ], [ 46.012016326000094, 39.750129284000138 ], [ 46.010386299000118, 39.751336817000094 ], [ 46.008442050000099, 39.752390041000012 ], [ 46.006493019000061, 39.753118771000118 ], [ 46.004657141000052, 39.754170991000137 ], [ 46.003549096000086, 39.755850195000164 ], [ 46.003164354000035, 39.757842407000169 ], [ 46.00370390300003, 39.759507359000054 ], [ 46.004445761000113, 39.761092049000069 ], [ 46.004157883000119, 39.762282636000066 ], [ 46.002216647000068, 39.763571255000045 ], [ 45.999661736000178, 39.765105888000107 ], [ 45.997024469000166, 39.767991519000191 ], [ 45.995102305000103, 39.770153917000073 ], [ 45.99324984500015, 39.77056756200011 ], [ 45.990796157000148, 39.771624849000091 ], [ 45.989568724000094, 39.772587891000171 ], [ 45.988049759000091, 39.77451120700016 ], [ 45.986752247000027, 39.777222938000079 ], [ 45.985563244000161, 39.780415251000193 ], [ 45.984045117000051, 39.782417014000146 ], [ 45.982318860000134, 39.784577536000029 ], [ 45.979977468000016, 39.786423961000139 ], [ 45.977008539000167, 39.788040098000181 ], [ 45.973116897000182, 39.789663901000154 ], [ 45.972558499000172, 39.789998318000187 ], [ 45.969235134000087, 39.792004535 ], [ 45.967687238999986, 39.791933711000183 ], [ 45.963143428000194, 39.791097455000113 ], [ 45.958291928000051, 39.791059113000131 ], [ 45.955298299000106, 39.790450496000119 ], [ 45.951158430000135, 39.789369683000132 ], [ 45.949453527000173, 39.788729408 ], [ 45.948048710000194, 39.78820180200006 ], [ 45.942477496000038, 39.787608649000106 ], [ 45.938975840000012, 39.788034812000092 ], [ 45.934770504000085, 39.789105077000102 ], [ 45.930261144000156, 39.791287214000079 ], [ 45.925037711000073, 39.793872647000057 ], [ 45.920833456000139, 39.795575701000075 ], [ 45.919970713000055, 39.796006490000138 ], [ 45.916944275000105, 39.797516872000188 ], [ 45.912741671000049, 39.799376637000137 ], [ 45.910806596000043, 39.80082593100019 ], [ 45.908251352000036, 39.802594081999985 ], [ 45.906717977000085, 39.803642386000035 ], [ 45.90454830900012, 39.803261544000179 ], [ 45.90368495700011, 39.803142658000127 ], [ 45.902896382000165, 39.803033651000078 ], [ 45.90136284700003, 39.804076652000106 ], [ 45.897257114000183, 39.805621069999972 ], [ 45.893357415000025, 39.806844489000071 ], [ 45.890499249000186, 39.808855340999969 ], [ 45.888668776000145, 39.810052235000057 ], [ 45.888655339000195, 39.810062806000133 ], [ 45.888641835000158, 39.810068143000137 ], [ 45.887215078000111, 39.810471604000043 ], [ 45.883825561000094, 39.811293025000055 ], [ 45.878580592000162, 39.812442446000034 ], [ 45.875490204000073, 39.812785074000146 ], [ 45.873953806000145, 39.813115924000158 ], [ 45.872424634000083, 39.814556286000141 ], [ 45.871821391000026, 39.816230433000044 ], [ 45.870915546000106, 39.817592815000125 ], [ 45.869072046000156, 39.81887847400003 ], [ 45.86772444900015, 39.819663177 ], [ 45.866309478, 39.820490238000161 ], [ 45.864357977000111, 39.82129511100004 ], [ 45.8641206960001, 39.821317814000054 ], [ 45.862303561000147, 39.821472649000157 ], [ 45.858898459000102, 39.821654924000086 ], [ 45.856544616000122, 39.822865653000122 ], [ 45.853772717000027, 39.823760145000051 ], [ 45.849541387000045, 39.823555681000016 ], [ 45.846556970000108, 39.82428930500015 ], [ 45.844499535000125, 39.824785818000123 ], [ 45.841722544000163, 39.825282283000092 ], [ 45.837077056000169, 39.825075134000087 ], [ 45.832957125000121, 39.825104787000157 ], [ 45.829443269000137, 39.824732185000016 ], [ 45.827909135000027, 39.82585796300009 ], [ 45.826796584000078, 39.82761401800019 ], [ 45.826822308000089, 39.82975973200007 ], [ 45.826595960000191, 39.836361280000062 ], [ 45.825414630000125, 39.84146226200005 ], [ 45.822699411000087, 39.84720218200016 ], [ 45.819764977000148, 39.85167698600003 ], [ 45.817346030000124, 39.856702873000131 ], [ 45.816143139000133, 39.859495762 ], [ 45.815971243000149, 39.862757671000168 ], [ 45.815332205000175, 39.864426534000131 ], [ 45.815273004000176, 39.864589200000125 ], [ 45.814163293000092, 39.866664371000127 ], [ 45.812448623000193, 39.869858583000109 ], [ 45.812575818000141, 39.872003574000189 ], [ 45.813313637000135, 39.873510988000021 ], [ 45.81395145900018, 39.875176114000169 ], [ 45.813354933000028, 39.877006914000106 ], [ 45.812045881000074, 39.879481231999989 ], [ 45.811246211000139, 39.881951973000071 ], [ 45.80920543700006, 39.884033601000169 ], [ 45.80705147000009, 39.885163419000037 ], [ 45.804178244000013, 39.886376696000184 ], [ 45.803891725000028, 39.888603067000076 ], [ 45.804236770999978, 39.891385081000067 ], [ 45.80259694900019, 39.892349001000014 ], [ 45.800333907000038, 39.893479449000154 ], [ 45.798178527, 39.894525371000157 ], [ 45.794477709000034, 39.895906349000029 ], [ 45.792442811000114, 39.897987639000121 ], [ 45.792044788000112, 39.8994191970001 ], [ 45.791136775000041, 39.901414254000031 ], [ 45.790123117000178, 39.903090759000122 ], [ 45.789625852000142, 39.904763740000078 ], [ 45.790261601999987, 39.906271987000082 ], [ 45.791821929000037, 39.907213901000034 ], [ 45.795873784000037, 39.909096510000097 ], [ 45.799715127000127, 39.910975195 ], [ 45.802217912, 39.912868254000045 ], [ 45.804514743000084, 39.91515522300017 ], [ 45.806302742000128, 39.918089445000135 ], [ 45.806436369000096, 39.920789166000134 ], [ 45.805841168000143, 39.922782155000107 ], [ 45.805245935000187, 39.924775140000065 ], [ 45.803949359, 39.928997356000025 ], [ 45.802842945000123, 39.931470147000084 ], [ 45.801536233000036, 39.93426357400017 ], [ 45.800004708000017, 39.935859994999987 ], [ 45.797340614000063, 39.937710179000135 ], [ 45.793955651000033, 39.939560007000068 ], [ 45.791695506000167, 39.941088032000152 ], [ 45.787600503000192, 39.943900306000103 ], [ 45.780707850000169, 39.946490554000036 ], [ 45.774101840000185, 39.947408897000059 ], [ 45.768012139000177, 39.947690155000089 ], [ 45.760053958000128, 39.947501848000059 ], [ 45.754884335000042, 39.946740087000137 ], [ 45.749610374000042, 39.946376537999981 ], [ 45.745791680000082, 39.94664192200014 ], [ 45.741971202000173, 39.946744944000102 ], [ 45.739177441000038, 39.946841297000162 ], [ 45.737217488000113, 39.946696763000148 ], [ 45.734638761000042, 39.947189409000032 ], [ 45.731036591000077, 39.948641010000131 ], [ 45.728362519000143, 39.949772642000141 ], [ 45.724868879000098, 39.951223369000047 ], [ 45.720955184000161, 39.952838852000184 ], [ 45.717570781000177, 39.955010945000083 ], [ 45.712241367000104, 39.959178517000112 ], [ 45.706661320000194, 39.964169077000179 ], [ 45.70660744800017, 39.964221744000042 ], [ 45.703438252000126, 39.967580182000063 ], [ 45.70107907199997, 39.969023302000096 ], [ 45.697879471000192, 39.969440378000172 ], [ 45.691170055000157, 39.969878346000144 ], [ 45.680832722000105, 39.970096537000188 ], [ 45.671534473000179, 39.970150778000118 ], [ 45.666364990000091, 39.970180610000114 ], [ 45.663581602000193, 39.970756595000069 ], [ 45.660394673000042, 39.972522885000046 ], [ 45.659274746, 39.974198842000078 ], [ 45.65867557700011, 39.976269600000137 ], [ 45.656301479000092, 39.976283066000178 ], [ 45.653612216999989, 39.976062741000192 ], [ 45.649886655000103, 39.975602179000077 ], [ 45.647942698000122, 39.975058279 ], [ 45.646564852000154, 39.974668204000182 ], [ 45.645359887000041, 39.974575476000155 ], [ 45.642738894000161, 39.974370220000026 ], [ 45.638810202000172, 39.973994168000161 ], [ 45.635094817000152, 39.973140539000156 ], [ 45.631045493000158, 39.97221010200019 ], [ 45.627424517, 39.97198900300009 ], [ 45.625258243000189, 39.972398477000013 ], [ 45.620827179000059, 39.973615602000109 ], [ 45.616593587000068, 39.974114476000182 ], [ 45.612561202999984, 39.97429810400007 ], [ 45.612383382000132, 39.977240443000085 ], [ 45.612614430000065, 39.980259127000124 ], [ 45.613062811000134, 39.983993691000194 ], [ 45.613612598000032, 39.987649207000118 ], [ 45.612474220000195, 39.987414473000058 ], [ 45.60999299700012, 39.987668313000142 ], [ 45.60782611999997, 39.98807746500006 ], [ 45.605349058000058, 39.988807459000043 ], [ 45.604121263000138, 39.990007170000126 ], [ 45.602905297000063, 39.992557126000065 ], [ 45.60209264000008, 39.994550192000133 ], [ 45.602321740000036, 39.996616349000078 ], [ 45.602125458000103, 39.998286948000043 ], [ 45.601733890000048, 40.000194081000188 ], [ 45.600711405000084, 40.001554936000048 ], [ 45.600727859000017, 40.001879345000191 ], [ 45.600825685000132, 40.002946530000088 ], [ 45.600632837000148, 40.005014873999983 ], [ 45.601288926000166, 40.00842913200006 ], [ 45.602747138000041, 40.010169639000082 ], [ 45.605754230000173, 40.010792481000124 ], [ 45.608134470000095, 40.011334795000039 ], [ 45.610422305000156, 40.012196807000123 ], [ 45.612613415000055, 40.01441483300016 ], [ 45.617190886000174, 40.017808195999976 ], [ 45.620519111000135, 40.020014774000117 ], [ 45.625702582000088, 40.021101693000105 ], [ 45.632325662000085, 40.021782768000037 ], [ 45.638225065000142, 40.0222266990001 ], [ 45.645877785000096, 40.022341311000162 ], [ 45.651876433000098, 40.022469968000053 ], [ 45.657147414, 40.021963925000193 ], [ 45.660044921000065, 40.021706704000167 ], [ 45.662946388000023, 40.022564179000142 ], [ 45.66534603100007, 40.025015524000025 ], [ 45.66691126600017, 40.026356834000126 ], [ 45.668270801000119, 40.027542297000082 ], [ 45.670247584000037, 40.02848865600015 ], [ 45.673768975000144, 40.029342270000086 ], [ 45.676568815000167, 40.030199992000178 ], [ 45.677829580000093, 40.031699943000035 ], [ 45.679492661000154, 40.032569472000091 ], [ 45.68115651200003, 40.033512244000121 ], [ 45.683226994000108, 40.03357856000008 ], [ 45.68725425800011, 40.033235486000137 ], [ 45.688925965000124, 40.032916768000064 ], [ 45.690251075000162, 40.032662896000033 ], [ 45.691572189000055, 40.030666196000027 ], [ 45.694029711000155, 40.02795089100016 ], [ 45.695663768000088, 40.025952268000083 ], [ 45.698336488000109, 40.024345133000054 ], [ 45.700194877000115, 40.024333918000082 ], [ 45.703817156000071, 40.024390480000136 ], [ 45.706309208, 40.025092341000061 ], [ 45.708586977000095, 40.025476199000025 ], [ 45.711480114000096, 40.025458472000082 ], [ 45.714269446000174, 40.025279066000166 ], [ 45.716854598000168, 40.025106090000065 ], [ 45.7193334480001, 40.024535951000189 ], [ 45.72273969400004, 40.024116992000074 ], [ 45.725950945000079, 40.02457318900008 ], [ 45.729381735000061, 40.025823444000082 ], [ 45.732088499000042, 40.02747593800018 ], [ 45.734685626999976, 40.029050556000072 ], [ 45.736977301000081, 40.030067049000081 ], [ 45.737898159000054, 40.030228668000063 ], [ 45.74049702800005, 40.030683125000053 ], [ 45.742780322000158, 40.03028644900013 ], [ 45.742875461000096, 40.030270138000105 ], [ 45.746883991000118, 40.02825555000004 ], [ 45.74904084700006, 40.026891324000132 ], [ 45.752352780000081, 40.02718912600011 ], [ 45.755975228000182, 40.027244056000029 ], [ 45.7606280010001, 40.026894349000145 ], [ 45.765881860000036, 40.025509440000178 ], [ 45.770943456000168, 40.024601842000038 ], [ 45.776510939000104, 40.023292870000091 ], [ 45.781673372000114, 40.022300387000143 ], [ 45.78251429300019, 40.023807260000069 ], [ 45.782841058000088, 40.024998343999982 ], [ 45.784007811000095, 40.02582261900011 ], [ 45.78440587100016, 40.026102546000061 ], [ 45.78627701, 40.027199415000155 ], [ 45.787224247000154, 40.028464779000046 ], [ 45.789405028000033, 40.029245469000159 ], [ 45.792187862000048, 40.028509456000108 ], [ 45.793639295000162, 40.027447546000133 ], [ 45.795677814000157, 40.025941954000075 ], [ 45.798445679999986, 40.023939332000111 ], [ 45.801518969000028, 40.02129078400003 ], [ 45.803155354000125, 40.019772139000054 ], [ 45.805093511000166, 40.017293603000155 ], [ 45.806298588000175, 40.014422372000183 ], [ 45.805967714000133, 40.012912125000184 ], [ 45.806266749000088, 40.01171675300003 ], [ 45.807295629000123, 40.011233320000088 ], [ 45.809255703000133, 40.011219648000178 ], [ 45.812984128000153, 40.011669822000158 ], [ 45.814539656000079, 40.011978157000158 ], [ 45.816295769000135, 40.01141102400004 ], [ 45.817920159000096, 40.00893448100004 ], [ 45.819241836000117, 40.007334089000153 ], [ 45.821084572000188, 40.005489239000099 ], [ 45.822508185000117, 40.003888088000053 ], [ 45.822480554000038, 40.00158543800012 ], [ 45.82338704100016, 39.999433166000188 ], [ 45.825335365000058, 39.997906756000191 ], [ 45.826621449000072, 39.99677233500006 ], [ 45.827261500000191, 39.996804404000102 ], [ 45.827793419000045, 39.996334803000082 ], [ 45.829752197000118, 39.995687512000075 ], [ 45.831383414000186, 39.993844011000022 ], [ 45.832601478000072, 39.99216570100009 ], [ 45.834128570000132, 39.990165897000168 ], [ 45.836506025000119, 39.989834737000137 ], [ 45.838882415000057, 39.989974573000154 ], [ 45.840636079000035, 39.99149012100014 ], [ 45.841076208000118, 39.991868991000047 ], [ 45.842131859000176, 39.993609397000171 ], [ 45.843091357000162, 39.995826762000036 ], [ 45.843008857000086, 39.997418419000041 ], [ 45.842846870000074, 39.99863382500007 ], [ 45.843049467000071, 40.000720613000055 ], [ 45.84337821600019, 40.002550029000076 ], [ 45.845566600000041, 40.003962893000107 ], [ 45.847859159000109, 40.005537197000137 ], [ 45.849741492000192, 40.006952219000141 ], [ 45.851614170000062, 40.008131763000051 ], [ 45.852158064000093, 40.010273594000068 ], [ 45.85269411400003, 40.011782198000049 ], [ 45.852619704000119, 40.014007078000077 ], [ 45.854086281000036, 40.015351813000052 ], [ 45.857298914000182, 40.015882864000048 ], [ 45.860399511000139, 40.015619133000143 ], [ 45.862672767000106, 40.015602232000106 ], [ 45.864967164000177, 40.017259919000026 ], [ 45.867785925000078, 40.019463174000123 ], [ 45.870080509000047, 40.021115522000059 ], [ 45.872162868000089, 40.022130909000168 ], [ 45.872990293999976, 40.02188916200015 ], [ 45.87504631000013, 40.020837379000056 ], [ 45.877314636000051, 40.020422465000024 ], [ 45.879384918000085, 40.020490512000038 ], [ 45.882072448000031, 40.020386346000123 ], [ 45.884350984000093, 40.020766741000102 ], [ 45.884786739, 40.022354462000123 ], [ 45.885233158000119, 40.025292396000168 ], [ 45.886088335000068, 40.027196162000109 ], [ 45.887464996000176, 40.029409950000172 ], [ 45.88790024900004, 40.03147392700015 ], [ 45.889162569000064, 40.032736036000188 ], [ 45.88979656600003, 40.033845947000088 ], [ 45.890437798000164, 40.035510570000099 ], [ 45.891708974000153, 40.037965864 ], [ 45.893511743000033, 40.040971816000024 ], [ 45.894998828000041, 40.044299431000127 ], [ 45.896597134000103, 40.047788408000088 ], [ 45.898393573000192, 40.050794326000073 ], [ 45.900389778000033, 40.05292463800015 ], [ 45.901348918000167, 40.054905977000033 ], [ 45.900641193000183, 40.056502518000059 ], [ 45.899943412000084, 40.058339727000089 ], [ 45.900584029000072, 40.059920551000175 ], [ 45.901739249000059, 40.0612670860001 ], [ 45.903729575000057, 40.062921117000087 ], [ 45.905191838000178, 40.063783723000029 ], [ 45.905419304000191, 40.065529990000186 ], [ 45.906478791000154, 40.067348253000091 ], [ 45.906897468000068, 40.067585725000015 ], [ 45.909414828000195, 40.070428803000084 ], [ 45.91172215600011, 40.072320951000165 ], [ 45.91318958200003, 40.074057434 ], [ 45.913219292000178, 40.076281503000075 ], [ 45.912519493000104, 40.077956553000149 ], [ 45.912555612000176, 40.080662067000162 ], [ 45.912586356000077, 40.082964630000163 ], [ 45.911056415000189, 40.084729945000106 ], [ 45.909423085000071, 40.086412314000142 ], [ 45.907279230000029, 40.088653425000018 ], [ 45.906280528000025, 40.091445542000031 ], [ 45.90590389200014, 40.094389794000108 ], [ 45.906558750000102, 40.097006724000096 ], [ 45.906999776000191, 40.098913548000155 ], [ 45.905872326000178, 40.099717884000086 ], [ 45.904747969000141, 40.100757699000042 ], [ 45.904349119000187, 40.102032587 ], [ 45.904982984000128, 40.103063895000105 ], [ 45.906236408000098, 40.103530355000146 ], [ 45.90809685500011, 40.103515782000102 ], [ 45.910779147000028, 40.102777713000194 ], [ 45.910929071000169, 40.102776534000043 ], [ 45.91336874700005, 40.102757320000194 ], [ 45.91471342300008, 40.102908951000074 ], [ 45.916079799000158, 40.104169923000086 ], [ 45.917759301000046, 40.105904658000043 ], [ 45.918281407000109, 40.106716966000079 ], [ 45.919130743000039, 40.108039569000027 ], [ 45.920602781000127, 40.109540395000181 ], [ 45.92177316700014, 40.111917617000074 ], [ 45.922411631000045, 40.113262807000183 ], [ 45.923977453000134, 40.114124339000057 ], [ 45.926791695000077, 40.115054371000099 ], [ 45.929278109000109, 40.11543220100009 ], [ 45.93155571300008, 40.11549240700009 ], [ 45.932256971000186, 40.115429194000114 ], [ 45.934353852000072, 40.115234353000062 ], [ 45.93715161900019, 40.115447260000167 ], [ 45.938504218000105, 40.116153311000062 ], [ 45.940280524000173, 40.116934412000091 ], [ 45.942977291000091, 40.117231735000132 ], [ 45.944301779000057, 40.117869910000081 ], [ 45.94443222700005, 40.11793688400013 ], [ 45.946310089000178, 40.118167534000179 ], [ 45.94682224800016, 40.118231385000058 ], [ 45.946842915, 40.118246915999975 ], [ 45.948392922000096, 40.11941179500019 ], [ 45.950572869000098, 40.119791676000091 ], [ 45.951913503000128, 40.119623656000044 ], [ 45.953007741000079, 40.118897652000044 ], [ 45.953250934000039, 40.118738643000086 ], [ 45.954687050000018, 40.118088313000101 ], [ 45.955935510000131, 40.118156518000148 ], [ 45.957113985000035, 40.118581174000099 ], [ 45.958744700000068, 40.119169550000152 ], [ 45.96112918200015, 40.11954753800012 ], [ 45.963108032000093, 40.120164364 ], [ 45.963657552000086, 40.122389307000162 ], [ 45.963057401000071, 40.12382307200005 ], [ 45.961720001000117, 40.124708197000189 ], [ 45.95947341800013, 40.126877842000056 ], [ 45.957030843999974, 40.130153351000047 ], [ 45.956649682000091, 40.132145266000123 ], [ 45.956776458000093, 40.133892239000147 ], [ 45.955959210000117, 40.134935239000129 ], [ 45.956610823000119, 40.137154134000127 ], [ 45.957621970000048, 40.142635808000193 ], [ 45.959965393000061, 40.147305693000135 ], [ 45.961769624000056, 40.149991246000184 ], [ 45.965468437000084, 40.155450482000163 ], [ 45.969057630000179, 40.159874263000177 ], [ 45.972423304000074, 40.163420568000049 ], [ 45.974312657000041, 40.165314933000047 ], [ 45.97455823100006, 40.167699369000161 ], [ 45.974382023000089, 40.170165857000143 ], [ 45.973479292000093, 40.171921458000156 ], [ 45.971527122, 40.173288114000059 ], [ 45.969685214000037, 40.174737550000089 ], [ 45.968667495000091, 40.176096326000106 ], [ 45.970238703000064, 40.177192682000054 ], [ 45.973157442000115, 40.17852367200004 ], [ 45.975032410000154, 40.179381898000145 ], [ 45.975782860000095, 40.180804332999969 ], [ 45.976336697000136, 40.183264663000159 ], [ 45.975843295000175, 40.185022060000165 ], [ 45.975559057000112, 40.187091704000181 ], [ 45.977322782000101, 40.187312337000037 ], [ 45.978887618000101, 40.187937607000094 ], [ 45.97921976900011, 40.189206547000083 ], [ 45.979554191000091, 40.190632473000107 ], [ 45.979594248000126, 40.193416375000083 ], [ 45.97982870900006, 40.195481636000181 ], [ 45.980581816000097, 40.197542503000079 ], [ 45.981140575999973, 40.200322004999975 ], [ 45.97960518400015, 40.201763761999985 ], [ 45.976842512000189, 40.20425210000019 ], [ 45.976152191000153, 40.20656590800013 ], [ 45.976791520000063, 40.207832260000146 ], [ 45.978775421000137, 40.208610996000061 ], [ 45.979720827000051, 40.20979624000006 ], [ 45.982118826000089, 40.210409173000073 ], [ 45.982132574000161, 40.211361557000032 ], [ 45.98079259900004, 40.212168414000075 ], [ 45.980087410000067, 40.213446132000115 ], [ 45.979999951000025, 40.214483108000081 ], [ 45.97960415100016, 40.215915208000126 ], [ 45.978691887000139, 40.217513914000051 ], [ 45.979141500000139, 40.219818090000103 ], [ 45.979690074000075, 40.221880684000041 ], [ 45.978776531000051, 40.223395663000076 ], [ 45.977761748000034, 40.224995227000079 ], [ 45.976645641000118, 40.226674139000067 ], [ 45.975428272000045, 40.228437629000155 ], [ 45.972957912000084, 40.229965673000095 ], [ 45.970692369000119, 40.231020930000113 ], [ 45.968015862000129, 40.232472094000116 ], [ 45.966272411000034, 40.23375840500006 ], [ 45.96472363100014, 40.234331311000176 ], [ 45.96255563700015, 40.235061119000193 ], [ 45.961436770000034, 40.236582901000133 ], [ 45.961562806000131, 40.23825134000009 ], [ 45.960547400000166, 40.239850756000067 ], [ 45.958901544000071, 40.240816902000063 ], [ 45.955185344000085, 40.242197877000024 ], [ 45.951579263000042, 40.244137811000144 ], [ 45.949212670000065, 40.245350484000028 ], [ 45.946418341000026, 40.245771117000118 ], [ 45.944351127000061, 40.246421258000169 ], [ 45.94239850200006, 40.247949656000173 ], [ 45.940430362000143, 40.248363412000117 ], [ 45.938261726000121, 40.249098005000064 ], [ 45.936828120000143, 40.250140618000046 ], [ 45.935087742, 40.252221925000072 ], [ 45.934910218000084, 40.254212086000166 ], [ 45.935769773000061, 40.25611536200006 ], [ 45.936721680000062, 40.257777143000169 ], [ 45.939538815000162, 40.258471292000138 ], [ 45.941191902000071, 40.257976377000091 ], [ 45.942310552000095, 40.256381526000041 ], [ 45.943333243000041, 40.255258461000096 ], [ 45.944342660000189, 40.25318299900016 ], [ 45.945146603000182, 40.253035132000093 ], [ 45.946202732000074, 40.252848562000111 ], [ 45.948686730000077, 40.252194972000041 ], [ 45.950443211000163, 40.251782813000148 ], [ 45.952930429999981, 40.251364613000192 ], [ 45.955095590000099, 40.250389034000193 ], [ 45.956540115000166, 40.250141596000162 ], [ 45.956872178000026, 40.251410588000169 ], [ 45.957198529000095, 40.252758129000028 ], [ 45.957387871000151, 40.253107206000038 ], [ 45.957949449000068, 40.25418065700012 ], [ 45.958694753000088, 40.255686962000141 ], [ 45.959131626999977, 40.257117316000176 ], [ 45.959265488000142, 40.259340436000116 ], [ 45.960538951000103, 40.261475598000175 ], [ 45.961290115000054, 40.262903333000111 ], [ 45.961310338000033, 40.264331904000073 ], [ 45.961350862000188, 40.267194278000147 ], [ 45.961313670000152, 40.27180527500019 ], [ 45.96124600700017, 40.27474704600013 ], [ 45.960638969000172, 40.275788314000124 ], [ 45.958562046000054, 40.275805539000032 ], [ 45.956387138000025, 40.276142779000054 ], [ 45.953294144999973, 40.27727779900016 ], [ 45.950493972, 40.277860817000089 ], [ 45.947290387000066, 40.278918084000111 ], [ 45.944727522000051, 40.280849253000099 ], [ 45.942463988000156, 40.282694193000168 ], [ 45.940820179000127, 40.283900802000062 ], [ 45.939067227000066, 40.2846320270001 ], [ 45.937313081000013, 40.285279501 ], [ 45.93514540200016, 40.286171030000162 ], [ 45.934229012, 40.287612402000036 ], [ 45.93404152100004, 40.288885647000143 ], [ 45.933430347000126, 40.290162311000074 ], [ 45.93262097600001, 40.291440569000144 ], [ 45.932639536000124, 40.292790651000132 ], [ 45.932049372000165, 40.295103362000077 ], [ 45.931992465000178, 40.295935940000049 ], [ 45.931965412000125, 40.29645427000014 ], [ 45.929776341000093, 40.296314880000125 ], [ 45.927491529000065, 40.296170983000025 ], [ 45.924379528000088, 40.296515131000092 ], [ 45.922616319000099, 40.296529206000116 ], [ 45.920236597000041, 40.296945902000118 ], [ 45.918359706000103, 40.296641575000081 ], [ 45.917417378000096, 40.295696562000103 ], [ 45.91636354100001, 40.294590187000153 ], [ 45.914986841000143, 40.292853108000031 ], [ 45.91325535600015, 40.292170738000095 ], [ 45.91321407200013, 40.292150130000152 ], [ 45.91311840000003, 40.292150885000126 ], [ 45.911136619999979, 40.292166510000072 ], [ 45.907721463000144, 40.292831838000041 ], [ 45.905028463000065, 40.293329181000104 ], [ 45.90294992500003, 40.293266920000178 ], [ 45.900587129000144, 40.292385181000157 ], [ 45.900236801000119, 40.292251837000151 ], [ 45.897529089000045, 40.291639626000176 ], [ 45.895969968000088, 40.291573208000045 ], [ 45.893590245000098, 40.291989357000091 ], [ 45.89172715400008, 40.292715484000041 ], [ 45.888518841000064, 40.293535655000142 ], [ 45.885631030000127, 40.294829530000129 ], [ 45.884288259000186, 40.295635288000028 ], [ 45.882327313000076, 40.296210241000097 ], [ 45.881301910000047, 40.297249050000175 ], [ 45.88131326600012, 40.298122952000142 ], [ 45.881456111000148, 40.301225307999971 ], [ 45.880856856000037, 40.302977848000069 ], [ 45.879002686000092, 40.304425920000142 ], [ 45.877049562000138, 40.305628739000099 ], [ 45.873946088000025, 40.306688451000184 ], [ 45.871670241000118, 40.307260368000186 ], [ 45.866692692000129, 40.308255490000079 ], [ 45.862664291000158, 40.309714335000081 ], [ 45.858000800000184, 40.310701507000033 ], [ 45.85416817000015, 40.311446854000167 ], [ 45.848679319000155, 40.312601979000078 ], [ 45.845379844000092, 40.314452615999983 ], [ 45.841344809000077, 40.315994503000127 ], [ 45.838451179000117, 40.316968002000124 ], [ 45.835031058000027, 40.317945230000134 ], [ 45.831512235000105, 40.318687562000093 ], [ 45.829538458000115, 40.318863970000166 ], [ 45.826124945000061, 40.319840888000158 ], [ 45.823951745000159, 40.320489636000161 ], [ 45.821786307000082, 40.32178200400017 ], [ 45.820846739000103, 40.321547936000172 ], [ 45.818665782000039, 40.32156339200003 ], [ 45.815970956, 40.322058677000086 ], [ 45.81285715100006, 40.322399841000049 ], [ 45.810899505000066, 40.323366070000134 ], [ 45.809772913000131, 40.324645693000036 ], [ 45.808338441000103, 40.32648743600015 ], [ 45.806778523000162, 40.326414591000059 ], [ 45.804390417000093, 40.32627421900014 ], [ 45.802197754000133, 40.325891703000138 ], [ 45.798255452000092, 40.326159715000074 ], [ 45.795869214000163, 40.326176158000123 ], [ 45.793176786000174, 40.326906402000134 ], [ 45.79161882700015, 40.327000810000129 ], [ 45.788503688000048, 40.32725759200008 ], [ 45.787684687000024, 40.327980156000194 ], [ 45.786970635000102, 40.32949748600015 ], [ 45.786995558000115, 40.331643034000194 ], [ 45.786386185000083, 40.332756671000084 ], [ 45.785363426000117, 40.334197586000187 ], [ 45.783191240000122, 40.335007800000085 ], [ 45.781849596000143, 40.335493121000184 ], [ 45.779251935000048, 40.335589152000011 ], [ 45.775198653000075, 40.33577862500016 ], [ 45.772504720000029, 40.336429897000073 ], [ 45.770232464000117, 40.337481274000083 ], [ 45.768258795000179, 40.33772990600005 ], [ 45.766504333000114, 40.338615532000119 ], [ 45.763921812000035, 40.340066584000112 ], [ 45.762480939000113, 40.340871576000097 ], [ 45.759687056000132, 40.34239719500016 ], [ 45.757403746000023, 40.342495905000135 ], [ 45.755542868000077, 40.34306282100016 ], [ 45.755453592000151, 40.344256632000054 ], [ 45.755674713000076, 40.345683919000123 ], [ 45.755266382000116, 40.346482071000082 ], [ 45.753926987000057, 40.347207792000177 ], [ 45.752477199000168, 40.347850480000034 ], [ 45.751763704000041, 40.348891343000105 ], [ 45.750732016000143, 40.349615026000038 ], [ 45.749799367000151, 40.350018818000081 ], [ 45.747828779000145, 40.35058632200014 ], [ 45.745550360000038, 40.351155777000088 ], [ 45.743688337000037, 40.351649242000121 ], [ 45.741510670000082, 40.3520557330001 ], [ 45.739892801000053, 40.35298718100006 ], [ 45.739131446000044, 40.35342642500018 ], [ 45.737368383000103, 40.353594682000164 ], [ 45.737224396000158, 40.353564199000061 ], [ 45.735489840000184, 40.353208902000063 ], [ 45.733718208000141, 40.352586907000159 ], [ 45.731429308000145, 40.352203663000068 ], [ 45.728926644000182, 40.351659484000095 ], [ 45.725920447000021, 40.351997632000177 ], [ 45.72415905400004, 40.352961161000053 ], [ 45.722411265000119, 40.354563059999975 ], [ 45.72054648000011, 40.355464379000068 ], [ 45.720240219000061, 40.355612823000058 ], [ 45.718060612000158, 40.35586188200017 ], [ 45.713910814000144, 40.356761558000187 ], [ 45.71065164700002, 40.357142738000107 ], [ 45.710282638000137, 40.357181639000032 ], [ 45.708001044000184, 40.358153349000133 ], [ 45.707247082000151, 40.358670840000059 ], [ 45.706819173000042, 40.358966529000099 ], [ 45.706248586000129, 40.35935729 ], [ 45.704077078000068, 40.360401520000096 ], [ 45.701482448000149, 40.360893530000112 ], [ 45.699730614000146, 40.362175870000158 ], [ 45.699020263000079, 40.363614130000144 ], [ 45.699089213000093, 40.364990109000018 ], [ 45.699148349000041, 40.36607830700018 ], [ 45.698216782000145, 40.366638680000108 ], [ 45.696034311000119, 40.366651836000131 ], [ 45.69473150400006, 40.366377064000119 ], [ 45.693846954000037, 40.366188737000073 ], [ 45.691143735000139, 40.366126421999979 ], [ 45.690824693000195, 40.366374300000075 ], [ 45.689596019000135, 40.367328886 ], [ 45.687514498000155, 40.367179042000032 ], [ 45.685973263000051, 40.366329910000161 ], [ 45.685945737000111, 40.36631437200009 ], [ 45.683131863000142, 40.365457043000106 ], [ 45.681466162000106, 40.365147630000195 ], [ 45.679181897000035, 40.365239569000096 ], [ 45.676380076999976, 40.365575229000115 ], [ 45.673158498000191, 40.365672528000118 ], [ 45.671771484000146, 40.365863764000096 ], [ 45.668901752000011, 40.366257206000171 ], [ 45.666094324000085, 40.366032671000141 ], [ 45.663912628000048, 40.366123718000154 ], [ 45.661728622000169, 40.365979231000154 ], [ 45.659335596000062, 40.366149902000188 ], [ 45.658563564000133, 40.366264204000061 ], [ 45.657053599000164, 40.366482130000122 ], [ 45.654972219000115, 40.366336933000127 ], [ 45.651967245000151, 40.36690865900016 ], [ 45.650309339000103, 40.368111220000117 ], [ 45.649596316000157, 40.369386955000039 ], [ 45.648992774000135, 40.371379053 ], [ 45.649009543000034, 40.373126930000126 ], [ 45.64913126100015, 40.375114956000118 ], [ 45.648624928000118, 40.376546527000187 ], [ 45.646870178000029, 40.377671079000152 ], [ 45.645523647000061, 40.378552588000161 ], [ 45.642935518000058, 40.379126984000095 ], [ 45.640034687000139, 40.380650306000177 ], [ 45.638484242, 40.381695098000137 ], [ 45.638500745000044, 40.38344297600014 ], [ 45.638517991000072, 40.385269350000101 ], [ 45.638124662000109, 40.387103223000054 ], [ 45.63750549700012, 40.388216126000032 ], [ 45.637001881, 40.389972102000172 ], [ 45.637124109000183, 40.391321654000137 ], [ 45.638488922000079, 40.393062091000161 ], [ 45.639028634000113, 40.395126314000152 ], [ 45.636955381000064, 40.395933234000097 ], [ 45.633640065000066, 40.397144670000159 ], [ 45.63001566500003, 40.398990940000147 ], [ 45.627532259000077, 40.399883660000114 ], [ 45.625143796000032, 40.400686845000052 ], [ 45.623807813000099, 40.402049517000194 ], [ 45.621943907000059, 40.403331280000089 ], [ 45.620179229000087, 40.403497761000096 ], [ 45.618321342000115, 40.404700930999979 ], [ 45.61698044700006, 40.406299054000158 ], [ 45.615433396000071, 40.407819757000141 ], [ 45.614611519000164, 40.408535874000165 ], [ 45.61129158, 40.409348954000109 ], [ 45.608385202000079, 40.410479001000056 ], [ 45.605391414000167, 40.412561915000083 ], [ 45.603337786000054, 40.415670832000046 ], [ 45.602418972000066, 40.417826556000023 ], [ 45.601825653999981, 40.421168562000162 ], [ 45.601213176000158, 40.422364966000032 ], [ 45.600603470000124, 40.423875357000043 ], [ 45.597806045000027, 40.425800049000145 ], [ 45.594806367, 40.427327975000082 ], [ 45.59212358200017, 40.429084470000191 ], [ 45.59211678000014, 40.429089738000073 ], [ 45.590562378000129, 40.429893166000113 ], [ 45.589107877000117, 40.430376827000089 ], [ 45.585256418000029, 40.430077151000148 ], [ 45.584755050000126, 40.429912219000187 ], [ 45.581499510000071, 40.428824391000092 ], [ 45.579421115000116, 40.42923256500012 ], [ 45.576931134000063, 40.429564256000106 ], [ 45.574326126000187, 40.429257988000131 ], [ 45.572552568000162, 40.428471307000166 ], [ 45.570770877000086, 40.427527637000082 ], [ 45.56889199799997, 40.426422182000181 ], [ 45.567536128000086, 40.426428845000089 ], [ 45.565256926000131, 40.427392492000195 ], [ 45.563695598000095, 40.427400115000182 ], [ 45.561208258000192, 40.428050692000113 ], [ 45.559441216000153, 40.428854735000073 ], [ 45.557264539000073, 40.429817728000103 ], [ 45.555504898000095, 40.430700175000027 ], [ 45.55239835500015, 40.432703755000091 ], [ 45.547112707000167, 40.435434561000079 ], [ 45.543904227000098, 40.437595397000166 ], [ 45.541523503000121, 40.438799789000143 ], [ 45.539037536000194, 40.440559363000091 ], [ 45.537590530000045, 40.441199343000108 ], [ 45.534993455000176, 40.441928367000173 ], [ 45.529599892000022, 40.444182630000114 ], [ 45.526805784000146, 40.446021853000161 ], [ 45.523606627000049, 40.449532297000133 ], [ 45.522892757000136, 40.452000457000111 ], [ 45.522199668000042, 40.455389595000042 ], [ 45.522316538000155, 40.45544140100003 ], [ 45.522197679000158, 40.45601761 ], [ 45.521166778, 40.457372477000149 ], [ 45.52023065000003, 40.457695931000046 ], [ 45.518254489000014, 40.457307070000127 ], [ 45.516165091000175, 40.456442443000071 ], [ 45.514174879000166, 40.455101098000057 ], [ 45.512964715000066, 40.455425710999975 ], [ 45.511071325000046, 40.45690468100014 ], [ 45.510566893000089, 40.45905260000012 ], [ 45.510058233000109, 40.460645795000062 ], [ 45.508917393, 40.462001037000107 ], [ 45.508096759000125, 40.463119359000075 ], [ 45.506855743000131, 40.463920282 ], [ 45.507075029000191, 40.465745771000172 ], [ 45.50958862400006, 40.467409399000132 ], [ 45.510264205000055, 40.467945457000098 ], [ 45.511787696999988, 40.469147632000158 ], [ 45.513985686000069, 40.470728826000084 ], [ 45.510341998, 40.470980473000054 ], [ 45.506910746000187, 40.47123630800013 ], [ 45.505062859000134, 40.471547933000068 ], [ 45.504515366000192, 40.471644525000102 ], [ 45.502650566999989, 40.472448123000163 ], [ 45.501299050000171, 40.473165732000098 ], [ 45.499954978000176, 40.473967026000139 ], [ 45.498187779000091, 40.475010865000058 ], [ 45.495073234000188, 40.475500485000111 ], [ 45.492892404000088, 40.476226778000068 ], [ 45.492063868000059, 40.477261283000132 ], [ 45.491134836000128, 40.478615445000059 ], [ 45.48968484500017, 40.479019333999986 ], [ 45.489483378000102, 40.480532632000177 ], [ 45.489088316000107, 40.482758487000012 ], [ 45.488160324000035, 40.484274853999977 ], [ 45.486190491000059, 40.485795601000177 ], [ 45.485869110000181, 40.48590161900006 ], [ 45.482347674000152, 40.487083411000128 ], [ 45.478499061000093, 40.487575645000163 ], [ 45.474958275000063, 40.487987986000121 ], [ 45.472043560000031, 40.487759193000102 ], [ 45.468614064000121, 40.488411620000136 ], [ 45.466122154, 40.489850406000187 ], [ 45.460528748000115, 40.493850187000078 ], [ 45.457100036000156, 40.495690242000194 ], [ 45.453884210000126, 40.497613094000144 ], [ 45.451605772000107, 40.499291460999984 ], [ 45.45223923900005, 40.500722925000161 ], [ 45.453914225000062, 40.502066564000188 ], [ 45.45319235300019, 40.502786367000169 ], [ 45.452363410000089, 40.503899086000104 ], [ 45.452377297000055, 40.505966207000029 ], [ 45.453125897, 40.508192682000129 ], [ 45.451262715000041, 40.51050264700018 ], [ 45.449399381000092, 40.51178161200005 ], [ 45.445765861000154, 40.513941358000068 ], [ 45.442451731000062, 40.516738234000172 ], [ 45.439438631000144, 40.518419169000083 ], [ 45.438824989000182, 40.520012437000105 ], [ 45.438435187000096, 40.524388989000045 ], [ 45.438258423000036, 40.52883799500006 ], [ 45.438694939000072, 40.531620472000156 ], [ 45.437878383000168, 40.534726934000162 ], [ 45.4365400370001, 40.536715429000139 ], [ 45.433110038000109, 40.538795502000028 ], [ 45.432187384000144, 40.540389887 ], [ 45.433546410000133, 40.541577994000193 ], [ 45.43491183600014, 40.542687560000161 ], [ 45.436277645000075, 40.544906572000059 ], [ 45.437541302999989, 40.546173490000115 ], [ 45.439938096000162, 40.546562121000193 ], [ 45.442749220000053, 40.546315883000091 ], [ 45.44466296000013, 40.546271901000182 ], [ 45.446919671000046, 40.546221327000069 ], [ 45.449110712000049, 40.546610563000115 ], [ 45.451101836000134, 40.547874502000184 ], [ 45.452049792000082, 40.550094955000134 ], [ 45.451712673000145, 40.550975471000129 ], [ 45.451234070000055, 40.552243802000191 ], [ 45.450094737000029, 40.553205943000137 ], [ 45.447392606000051, 40.554404399000191 ], [ 45.445100521000029, 40.555370948000132 ], [ 45.44406707600001, 40.556803618000174 ], [ 45.442826712000056, 40.558080072999985 ], [ 45.438879122000117, 40.559843061000038 ], [ 45.43753556300004, 40.562156045000108 ], [ 45.439737483000158, 40.564136340000061 ], [ 45.442768339000111, 40.564841726000168 ], [ 45.444443155000158, 40.565944755000032 ], [ 45.445708419000027, 40.568404764000093 ], [ 45.447076195000022, 40.56975490300016 ], [ 45.449168776000079, 40.570699245000128 ], [ 45.451884869000025, 40.571484113000054 ], [ 45.453864018000104, 40.571874085 ], [ 45.455957825000041, 40.572975298000074 ], [ 45.457494375000181, 40.573869349000063 ], [ 45.458679520000089, 40.574555444000111 ], [ 45.459509634000028, 40.575509837000084 ], [ 45.459509670000045, 40.575515070000108 ], [ 45.4606787620001, 40.576855369000043 ], [ 45.46145550100016, 40.578024526000092 ], [ 45.461836946, 40.578598663000037 ], [ 45.46167484900019, 40.578981341000087 ], [ 45.461120884000081, 40.580270942000141 ], [ 45.459561963000169, 40.581151113000033 ], [ 45.456962945000043, 40.582511610000097 ], [ 45.454780930000084, 40.583634911000047 ], [ 45.452081999000143, 40.585477154000102 ], [ 45.448860670000158, 40.587237632000154 ], [ 45.447264039000117, 40.588688210000043 ], [ 45.44596074500015, 40.589870737000126 ], [ 45.443467265000038, 40.591711984000142 ], [ 45.440133034000155, 40.592038733000095 ], [ 45.440037029000109, 40.592054798999982 ], [ 45.438151182000126, 40.592365498000049 ], [ 45.437239471000055, 40.593624939000051 ], [ 45.436701904000074, 40.594359631000088 ], [ 45.435359804000086, 40.595955613000172 ], [ 45.432855512000174, 40.596200522000117 ], [ 45.430570673000034, 40.597480747000077 ], [ 45.428598772000043, 40.599398225000073 ], [ 45.425485512000193, 40.6010791490001 ], [ 45.424340451000035, 40.601324091000095 ], [ 45.422354721000033, 40.60109063900012 ], [ 45.421307149000086, 40.600461239000083 ], [ 45.419774917000098, 40.600278420000166 ], [ 45.419321455000102, 40.600227734000043 ], [ 45.417234286000166, 40.600235293000082 ], [ 45.41546144800003, 40.60000095200013 ], [ 45.413787702999969, 40.599133004000066 ], [ 45.41012891400004, 40.598115098000051 ], [ 45.407007057000101, 40.598445370000036 ], [ 45.405031546000146, 40.599880998000174 ], [ 45.403686028000038, 40.602193581999984 ], [ 45.402446917000077, 40.603945818000057 ], [ 45.400058237000167, 40.605225801000131 ], [ 45.397039187000132, 40.606748633000052 ], [ 45.39475610300002, 40.608504370000105 ], [ 45.394042726000066, 40.610971674000155 ], [ 45.393317766000166, 40.61264355600008 ], [ 45.390829285000052, 40.614556911000193 ], [ 45.390211388000182, 40.616945368000017 ], [ 45.391062213000112, 40.619171858000072 ], [ 45.393273954000051, 40.622738661000028 ], [ 45.395793936000189, 40.624959419000106 ], [ 45.397679798000127, 40.626779345000045 ], [ 45.398018712000066, 40.627175904000069 ], [ 45.398834856000121, 40.628125540000156 ], [ 45.39894878400014, 40.629956783000068 ], [ 45.397456796000142, 40.630872512000053 ], [ 45.397395225000082, 40.630914590000145 ], [ 45.395414357000163, 40.63163834400018 ], [ 45.391143354000178, 40.633081565000111 ], [ 45.385935693000135, 40.635328447000063 ], [ 45.381463586000052, 40.637724431000038 ], [ 45.379182656000125, 40.640118301000086 ], [ 45.378678088000129, 40.64322326700011 ], [ 45.377014891000101, 40.644338155000185 ], [ 45.374931228000094, 40.645218889000034 ], [ 45.37232759800014, 40.646504223000136 ], [ 45.370769039000095, 40.64793791 ], [ 45.368800357000055, 40.649770612000111 ], [ 45.366402989000107, 40.651133651 ], [ 45.365367283000069, 40.652727835000121 ], [ 45.364962004000176, 40.655272465000166 ], [ 45.365520938000088, 40.656961029000058 ], [ 45.365812659000142, 40.657530527000119 ], [ 45.366657097000029, 40.658642526000051 ], [ 45.36760124400007, 40.660387420000177 ], [ 45.368453177000106, 40.662849552000125 ], [ 45.369191262000186, 40.664595090000148 ], [ 45.370559918000083, 40.666024607000054 ], [ 45.370874455000092, 40.666976043000034 ], [ 45.372143625000092, 40.669039079000072 ], [ 45.374969934000092, 40.670542334000174 ], [ 45.376857438000116, 40.672524809000151 ], [ 45.377603167000132, 40.674348763000069 ], [ 45.377296846999968, 40.676097656000081 ], [ 45.376886081000123, 40.67761139400011 ], [ 45.377210321000121, 40.679039000000103 ], [ 45.378578404000052, 40.681499361000192 ], [ 45.379846753000095, 40.683326816000147 ], [ 45.380265066000163, 40.684356379000178 ], [ 45.379543599000101, 40.685630420000166 ], [ 45.378300553000088, 40.687068396000086 ], [ 45.376639860000068, 40.688821714000028 ], [ 45.374242578000121, 40.690420401000097 ], [ 45.374042093000185, 40.691451990000076 ], [ 45.374986208000053, 40.691846650000059 ], [ 45.377177599000049, 40.691525520000141 ], [ 45.380414393000194, 40.691274173000181 ], [ 45.380944139000121, 40.692544092 ], [ 45.380441063000092, 40.695963024000093 ], [ 45.380570908000095, 40.700656765000076 ], [ 45.380273599000077, 40.703996514999972 ], [ 45.377982278000104, 40.704956479000032 ], [ 45.376627460000122, 40.706154072000061 ], [ 45.378821980000168, 40.706303887000104 ], [ 45.380082659000095, 40.706697465 ], [ 45.379257692000124, 40.709165005000045 ], [ 45.378960395000149, 40.711311584000157 ], [ 45.382178153000098, 40.70756448800006 ], [ 45.38320655800004, 40.70462003200015 ], [ 45.384968321000031, 40.702468566000164 ], [ 45.388301371000125, 40.700945013000137 ], [ 45.390485568000088, 40.699351991000128 ], [ 45.392460565000192, 40.69727818500013 ], [ 45.39423164699997, 40.696790698000029 ], [ 45.39757652100019, 40.697339178000107 ], [ 45.399989668999979, 40.698445511000045 ], [ 45.402398856000104, 40.70002279400012 ], [ 45.404076918000044, 40.701210098000104 ], [ 45.405860596000025, 40.702794728000129 ], [ 45.407131530000186, 40.704857359000187 ], [ 45.406825372000071, 40.706527822000112 ], [ 45.407357688000047, 40.708116830000108 ], [ 45.407467123000174, 40.709147379000058 ], [ 45.406428616000142, 40.710265706000087 ], [ 45.404563234000136, 40.712260864000143 ], [ 45.403210168000101, 40.713694254000075 ], [ 45.399458239000069, 40.715376679000144 ], [ 45.397066504000179, 40.716818819000082 ], [ 45.398015850000036, 40.718008712000028 ], [ 45.399900156000115, 40.719116864000057 ], [ 45.402314101000115, 40.720217908000052 ], [ 45.403569755000092, 40.720851971000172 ], [ 45.404307475000053, 40.722278043000074 ], [ 45.405057911000142, 40.724661733000119 ], [ 45.406116003000079, 40.726725114000033 ], [ 45.406018030000098, 40.728714058000094 ], [ 45.40477859900011, 40.730785508000054 ], [ 45.406353304000106, 40.731810906000192 ], [ 45.409593408000148, 40.731799454000111 ], [ 45.411890092000078, 40.731634287000077 ], [ 45.41271840700017, 40.732086612999979 ], [ 45.413042830000109, 40.732263379000074 ], [ 45.416492751000135, 40.731696268000121 ], [ 45.419521101999976, 40.731926027000043 ], [ 45.420890702000179, 40.733114199000113 ], [ 45.42205009800017, 40.734779341000035 ], [ 45.422112841000114, 40.73490994000008 ], [ 45.423110369000028, 40.7370780440001 ], [ 45.424173272000132, 40.73977968000014 ], [ 45.425013347000117, 40.740969746000189 ], [ 45.426690302000054, 40.741758997000034 ], [ 45.428052583000067, 40.74175395300017 ], [ 45.429927780000071, 40.741265534000149 ], [ 45.43149185600015, 40.740547990000096 ], [ 45.432957313000145, 40.740542502000039 ], [ 45.435154649000083, 40.74093195800009 ], [ 45.436203538000086, 40.741404214000113 ], [ 45.437148080000043, 40.742750791000049 ], [ 45.438002067000127, 40.744971638000038 ], [ 45.439262173000088, 40.746160005000036 ], [ 45.440411242000039, 40.746155626000132 ], [ 45.442818428000123, 40.745989421000104 ], [ 45.444598405000193, 40.746699518000185 ], [ 45.445854921000091, 40.747327881000047 ], [ 45.447524280999971, 40.746923702000061 ], [ 45.448596478000184, 40.74674161300004 ], [ 45.449407450000137, 40.74659716300016 ], [ 45.451812067000049, 40.747069224000029 ], [ 45.453810255000178, 40.747469569000032 ], [ 45.454533733000176, 40.747613250000086 ], [ 45.457993883000086, 40.74847350400006 ], [ 45.46281079400012, 40.749490450000167 ], [ 45.464694837000138, 40.75027831500006 ], [ 45.465436416000102, 40.752023193000014 ], [ 45.467443452999987, 40.754636879000088 ], [ 45.469017472000132, 40.755347431000075 ], [ 45.470689140000047, 40.75526212900013 ], [ 45.471727813000143, 40.754221729000051 ], [ 45.47203255400018, 40.752551115000188 ], [ 45.473379704000081, 40.75135244400002 ], [ 45.475678568000092, 40.751421489000165 ], [ 45.479966130999969, 40.751487469000097 ], [ 45.483632671000123, 40.752267598000117 ], [ 45.487304491000032, 40.753759293000144 ], [ 45.491388212000118, 40.75509212500009 ], [ 45.492865145000053, 40.756598199000052 ], [ 45.495281024000178, 40.758497946000091 ], [ 45.497288837000099, 40.76103260800005 ], [ 45.498966555000038, 40.761742304000109 ], [ 45.500327096000035, 40.762369621000062 ], [ 45.502536333000137, 40.764191612000104 ], [ 45.503286532000118, 40.766014699000038 ], [ 45.50403289400009, 40.768235514000025 ], [ 45.505194975000052, 40.769899795000129 ], [ 45.507922259999987, 40.771002475999978 ], [ 45.51200701700003, 40.771382141000061 ], [ 45.514518629000179, 40.772166403000085 ], [ 45.517660481000064, 40.772550068000157 ], [ 45.520600810000076, 40.773567762000141 ], [ 45.523843546000194, 40.77363681800017 ], [ 45.524717944000031, 40.773659011000177 ], [ 45.526349723000124, 40.773703911000155 ], [ 45.529387836000069, 40.774009233000186 ], [ 45.533362086000125, 40.774304919000144 ], [ 45.538486587000193, 40.774678836000078 ], [ 45.544868263000069, 40.774732611000161 ], [ 45.546964748999983, 40.775198905000025 ], [ 45.547701580000137, 40.776069338000184 ], [ 45.548020850000057, 40.776387041000078 ], [ 45.549714543000164, 40.77892227000018 ], [ 45.550577324000017, 40.781696930000066 ], [ 45.552155205000133, 40.78352097200019 ], [ 45.554581281000139, 40.785497912000153 ], [ 45.55772660700012, 40.786194453000121 ], [ 45.558884373000183, 40.787146506000113 ], [ 45.559842263000064, 40.788889713 ], [ 45.561103998000078, 40.789914503000091 ], [ 45.563517670000124, 40.791179613000111 ], [ 45.565519604000031, 40.792598450000185 ], [ 45.566886825000097, 40.793863379000129 ], [ 45.569312374000162, 40.795683015000066 ], [ 45.571322731000123, 40.798054128000047 ], [ 45.572695662000115, 40.79995739400016 ], [ 45.57333940400008, 40.801942764000103 ], [ 45.573358542000051, 40.804166724000083 ], [ 45.573955751000028, 40.805540052000026 ], [ 45.574426541000093, 40.80662618700012 ], [ 45.577058645000079, 40.808360897000114 ], [ 45.579586214000017, 40.809939079000117 ], [ 45.582832208000184, 40.81095887400005 ], [ 45.58494613400012, 40.81325072300001 ], [ 45.585706190000167, 40.815873862000103 ], [ 45.586351169000125, 40.817937644000153 ], [ 45.587613865000151, 40.818962131000092 ], [ 45.589929248000146, 40.820619659000101 ], [ 45.592773052999974, 40.822038939000095 ], [ 45.59434805300009, 40.82330246700019 ], [ 45.59520261800003, 40.824883675000137 ], [ 45.595848029000024, 40.826952630000164 ], [ 45.595347925000056, 40.82957696700015 ], [ 45.594848485000114, 40.832279793000112 ], [ 45.596231098000032, 40.834339706000094 ], [ 45.598019333000082, 40.835523583000111 ], [ 45.598661313000093, 40.837189592000186 ], [ 45.598783261000051, 40.83925600800012 ], [ 45.598801156000036, 40.841244468000127 ], [ 45.600386499000194, 40.842827070000169 ], [ 45.602180058000044, 40.844565553000052 ], [ 45.604716831000019, 40.846938543000078 ], [ 45.606831231000172, 40.849072980000017 ], [ 45.608730699000148, 40.851051521000045 ], [ 45.608540669000035, 40.852878848000159 ], [ 45.607504060000167, 40.854077441000129 ], [ 45.605947265000054, 40.85567646700008 ], [ 45.605539159000045, 40.857028729000092 ], [ 45.605151693000153, 40.859893222000039 ], [ 45.604541152000138, 40.861727978000147 ], [ 45.603505047000112, 40.86300502600011 ], [ 45.601845269000137, 40.864683028 ], [ 45.600811242000077, 40.866200759000094 ], [ 45.599146269000073, 40.867318817000069 ], [ 45.598735128000101, 40.868357088000096 ], [ 45.599053194000135, 40.869229349000022 ], [ 45.600420931000031, 40.869541450000042 ], [ 45.601684120000186, 40.870487275000016 ], [ 45.602217353000185, 40.871515394000085 ], [ 45.602960352000082, 40.872866861000091 ], [ 45.603192100000115, 40.874854190000121 ], [ 45.603207965000081, 40.87660192900006 ], [ 45.603124741000101, 40.878826389000096 ], [ 45.603248392000125, 40.881054999000071 ], [ 45.6021207820001, 40.883682621000048 ], [ 45.599932856000066, 40.884965640000075 ], [ 45.597322088000055, 40.886010091000117 ], [ 45.594288532000064, 40.886821176000126 ], [ 45.591165449000187, 40.888428056000066 ], [ 45.589073530000064, 40.888914962000172 ], [ 45.58785570900011, 40.889219456000149 ], [ 45.586458968000102, 40.889566711000043 ], [ 45.585205402000099, 40.889730068000119 ], [ 45.583326555000156, 40.89093270800015 ], [ 45.58144271599997, 40.890785231000109 ], [ 45.578808578000178, 40.889207651000163 ], [ 45.576275949000149, 40.887394019 ], [ 45.573116652000124, 40.885656708000056 ], [ 45.572286149000092, 40.885299755000119 ], [ 45.56891578300008, 40.883851190000087 ], [ 45.565236954000113, 40.882597659000169 ], [ 45.563561558, 40.88260585800009 ], [ 45.561158027000033, 40.882936790000088 ], [ 45.559276243999989, 40.883819841000047 ], [ 45.557092129000068, 40.885656728000072 ], [ 45.557107488000156, 40.887488202999975 ], [ 45.557227552000143, 40.88947092799998 ], [ 45.557564110000101, 40.891777052 ], [ 45.558533332000195, 40.895508717000155 ], [ 45.558543191000183, 40.896680859000128 ], [ 45.558549396999979, 40.897418680000158 ], [ 45.558986759000106, 40.899399863000042 ], [ 45.55783910800011, 40.899886854000101 ], [ 45.555956381000044, 40.899895946000129 ], [ 45.553754410000181, 40.899665822000145 ], [ 45.550713090000102, 40.899680385000181 ], [ 45.547253411000099, 40.899142157000028 ], [ 45.547149750000131, 40.89911648400016 ], [ 45.54357803, 40.898364125000171 ], [ 45.541381356000159, 40.898772164999968 ], [ 45.539396688000068, 40.89981236300008 ], [ 45.537524888000121, 40.901171213000055 ], [ 45.536383430000171, 40.902448143000186 ], [ 45.535424767000166, 40.903305574000171 ], [ 45.535130313000138, 40.903568590000077 ], [ 45.534305398000186, 40.904765535000081 ], [ 45.533612590000075, 40.905239711999968 ], [ 45.533365642000035, 40.905408309000165 ], [ 45.532320482000102, 40.905810845000076 ], [ 45.530016189000094, 40.905737731000045 ], [ 45.528340867000054, 40.905829146000087 ], [ 45.527720803000079, 40.906784388000062 ], [ 45.526468081000189, 40.907983233000039 ], [ 45.525326293000035, 40.909260054000072 ], [ 45.523132896000163, 40.910143933000143 ], [ 45.521575883000025, 40.912139518000117 ], [ 45.519187850000094, 40.914615026000149 ], [ 45.517941071000052, 40.915730023000094 ], [ 45.517323254000189, 40.917004409000072 ], [ 45.517752053000038, 40.918912520000106 ], [ 45.516929121000146, 40.920428541000035 ], [ 45.516428862000055, 40.92085988600013 ], [ 45.515366724000103, 40.921785641000042 ], [ 45.513072372000181, 40.923067484000171 ], [ 45.511506162000046, 40.92394834800001 ], [ 45.508155699000042, 40.924282372000107 ], [ 45.506067497000117, 40.925484672000152 ], [ 45.503765937000082, 40.926766361000034 ], [ 45.501463394000098, 40.927017113000034 ], [ 45.499677379000047, 40.926229455000055 ], [ 45.497038379000173, 40.923933121000118 ], [ 45.494935734000194, 40.923225248000051 ], [ 45.491477044000192, 40.922926062000158 ], [ 45.488122907000047, 40.922767621000105 ], [ 45.486756428000035, 40.922705368000038 ], [ 45.4842475640001, 40.923035142000117 ], [ 45.482469420000086, 40.924235713000087 ], [ 45.480496859000027, 40.92622724600011 ], [ 45.4792463550001, 40.927901767000037 ], [ 45.478523623000171, 40.929097885000033 ], [ 45.475384288000043, 40.930068503000086 ], [ 45.475811436000072, 40.930940647000114 ], [ 45.476967683000055, 40.931490565000104 ], [ 45.477918122000119, 40.932203546000039 ], [ 45.477193588000034, 40.933158946000049 ], [ 45.477095761000157, 40.934907161000183 ], [ 45.478574672000036, 40.936172642000031 ], [ 45.481096771000125, 40.93664357900019 ], [ 45.483087537000131, 40.937111455000149 ], [ 45.484459624000067, 40.937901108 ], [ 45.485725973000172, 40.939324379000084 ], [ 45.484785257000112, 40.939966758000082 ], [ 45.482910060000108, 40.941167741000015 ], [ 45.478528003000179, 40.944048438000095 ], [ 45.474252493000108, 40.947404727000048 ], [ 45.469457053000156, 40.951474655000027 ], [ 45.466748751000068, 40.9540340960001 ], [ 45.464359916000035, 40.956900930000188 ], [ 45.46103852400006, 40.961686703000112 ], [ 45.459794057000181, 40.964397102000135 ], [ 45.459269363000146, 40.965388219000147 ], [ 45.45658424800007, 40.970448666000095 ], [ 45.454600311000149, 40.971094924000056 ], [ 45.453540554000142, 40.969586780000157 ], [ 45.450699707000183, 40.96808560300002 ], [ 45.448273764000078, 40.966666469000018 ], [ 45.445339249000028, 40.966599348000102 ], [ 45.440623071000061, 40.967491369000072 ], [ 45.438416081000071, 40.966782870000145 ], [ 45.435048461000179, 40.964890837000041 ], [ 45.432934769000042, 40.962591066000073 ], [ 45.430405317, 40.961088216000064 ], [ 45.427459282000086, 40.959194384000057 ], [ 45.425151719000041, 40.958883707000041 ], [ 45.423580946000186, 40.959365686000183 ], [ 45.422538834000079, 40.960484128000189 ], [ 45.421196133000137, 40.96318924000019 ], [ 45.419952028000125, 40.966218419000086 ], [ 45.419244901000127, 40.970114299000045 ], [ 45.418430761000081, 40.974570484000026 ], [ 45.418032059000154, 40.977036641000097 ], [ 45.417520837000154, 40.979183995000142 ], [ 45.416269261000139, 40.981098540000175 ], [ 45.414288044999978, 40.982293551 ], [ 45.410525233000044, 40.984614732000125 ], [ 45.408538904000125, 40.986134104000087 ], [ 45.408447591000083, 40.988122938000174 ], [ 45.409816872000135, 40.989546666000194 ], [ 45.411925161000056, 40.990967739000098 ], [ 45.413929981000194, 40.992394377000153 ], [ 45.415723781000111, 40.99429793600018 ], [ 45.41667895400019, 40.995723073000079 ], [ 45.417839386000139, 40.996833483000103 ], [ 45.419425682999986, 40.99865400900012 ], [ 45.421424798000146, 40.999122913000178 ], [ 45.422373791000041, 41.000631750000025 ], [ 45.424177481000072, 41.002927607 ], [ 45.425544884000146, 41.003958682000189 ], [ 45.427125415000091, 41.004826732000026 ], [ 45.428606002000095, 41.006255052000085 ], [ 45.429972488000033, 41.007123857000124 ], [ 45.430921949000151, 41.007596506000084 ], [ 45.432284321000054, 41.007826885000043 ], [ 45.433133344000055, 41.00878131900015 ], [ 45.434394741000062, 41.009409753000057 ], [ 45.435976070000095, 41.010361404000037 ], [ 45.437237523000078, 41.010989806000168 ], [ 45.438712114000168, 41.011460397000121 ], [ 45.439971526000079, 41.011774803000037 ], [ 45.441241035000075, 41.012565351000035 ], [ 45.441527803000156, 41.013092776000065 ], [ 45.442192249000072, 41.014309493000098 ], [ 45.442001993000133, 41.016853409000134 ], [ 45.440952946000095, 41.017019646999984 ], [ 45.438958399, 41.017341233000138 ], [ 45.437497959000154, 41.017985199000123 ], [ 45.436028994000026, 41.0183884650001 ], [ 45.433509335000167, 41.01871717500012 ], [ 45.432049837000193, 41.019518055000162 ], [ 45.429328518000034, 41.020721322000156 ], [ 45.426503426000068, 41.021919677000085 ], [ 45.423880448000091, 41.022327052000094 ], [ 45.421151263000127, 41.022337057000129 ], [ 45.418731505000096, 41.022110393000048 ], [ 45.416739117000134, 41.02171991400013 ], [ 45.413380228000108, 41.021575023000139 ], [ 45.410752239000033, 41.021186718000081 ], [ 45.41024776800009, 41.021172815999989 ], [ 45.408022580000193, 41.021112687000084 ], [ 45.405707991999975, 41.021120858000131 ], [ 45.405039048000049, 41.02132729300007 ], [ 45.403094248000116, 41.021925428000088 ], [ 45.401317285000061, 41.023998620000043 ], [ 45.400167259000114, 41.024641031000158 ], [ 45.398698102000139, 41.023929217000102 ], [ 45.397530129000074, 41.02274015200004 ], [ 45.397106984000118, 41.021313031000147 ], [ 45.396569483000178, 41.019247889000155 ], [ 45.395812613000089, 41.016309603000082 ], [ 45.395071253000026, 41.014799839000034 ], [ 45.393808222000018, 41.013851773000113 ], [ 45.391603925000027, 41.013775556999974 ], [ 45.388979201000097, 41.013868170000137 ], [ 45.385517567000193, 41.013796074000027 ], [ 45.38288959099998, 41.013328639000122 ], [ 45.379837506000172, 41.012386349000167 ], [ 45.377206432000037, 41.011358874000166 ], [ 45.375314637000145, 41.010334168000099 ], [ 45.372263239000063, 41.009470168000178 ], [ 45.369318444000044, 41.007888837000166 ], [ 45.368465948000051, 41.006143774000122 ], [ 45.368352135000123, 41.004312619000075 ], [ 45.368343743000139, 41.002805567000053 ], [ 45.365927352000142, 41.001777147000041 ], [ 45.364870873000029, 41.000587391000181 ], [ 45.364969226000085, 40.999634690000164 ], [ 45.364434667000182, 40.997888587000034 ], [ 45.363375663000113, 40.996222628999988 ], [ 45.362015482000118, 40.996305403000122 ], [ 45.360444668000184, 40.997027235000132 ], [ 45.358454629999983, 40.998142819000066 ], [ 45.357406936000189, 40.998543773000051 ], [ 45.355100481000193, 40.998634628 ], [ 45.351321956000106, 40.998562479000157 ], [ 45.347863274000133, 40.998892176000027 ], [ 45.34566077900007, 40.999055789000124 ], [ 45.344378508000091, 40.999525357000095 ], [ 45.343668391000051, 40.99977865600016 ], [ 45.343251595000027, 41.000653795000176 ], [ 45.343361394000112, 41.001846572000034 ], [ 45.343267288000163, 41.003678373000128 ], [ 45.342540436000093, 41.004711418999989 ], [ 45.340236166000182, 41.005272932000025 ], [ 45.337714887000061, 41.00528034600012 ], [ 45.334665424000036, 41.004656057000034 ], [ 45.331305967000162, 41.004189566999969 ], [ 45.328996492000158, 41.003719986000135 ], [ 45.326999046000083, 41.003484956000023 ], [ 45.324688854000044, 41.002858303000153 ], [ 45.321115379000048, 41.00095829900016 ], [ 45.319118826000135, 41.00088535000009 ], [ 45.318484575000184, 41.001138284000035 ], [ 45.316292189000137, 41.002002518000154 ], [ 45.313574375000144, 41.004239166000104 ], [ 45.31075236800018, 41.006392303000155 ], [ 45.307719366000015, 41.009262842000112 ], [ 45.305627031000029, 41.010937707000039 ], [ 45.304799938000087, 41.012849909000124 ], [ 45.304697455, 41.014597971000171 ], [ 45.304602600000067, 41.016502999000068 ], [ 45.30429830200012, 41.01793761800019 ], [ 45.30409290800003, 41.019848169999989 ], [ 45.302945264000073, 41.021201280000071 ], [ 45.30169610500019, 41.023030838000068 ], [ 45.300968367000053, 41.02557592900007 ], [ 45.299370360000069, 41.02822270300004 ], [ 45.299096043000191, 41.028683910000098 ], [ 45.296584920000157, 41.031155091000187 ], [ 45.294603230000178, 41.033064946000025 ], [ 45.291786055000046, 41.036729901000172 ], [ 45.289802405000046, 41.039838007000071 ], [ 45.288335856000117, 41.041113276000033 ], [ 45.286976380000056, 41.041592862000073 ], [ 45.286342970000078, 41.040563559000077 ], [ 45.285813566000115, 41.039607255000192 ], [ 45.285489477000056, 41.038179480999986 ], [ 45.284643235000033, 41.03746466900003 ], [ 45.283174019000114, 41.036515902000133 ], [ 45.281071408000173, 41.036123350000139 ], [ 45.278650593000123, 41.035653035000053 ], [ 45.277603365000175, 41.034776437000176 ], [ 45.277488794000192, 41.033824327000104 ], [ 45.276227733000042, 41.033031957000048 ], [ 45.274971993000065, 41.033511152000187 ], [ 45.273604040000123, 41.033598134000101 ], [ 45.271294583000099, 41.033284387000151 ], [ 45.26950808800018, 41.032414685000163 ], [ 45.267823685000167, 41.031147019000059 ], [ 45.266976752000119, 41.030191364000132 ], [ 45.266550414000051, 41.028999251000187 ], [ 45.265495932000192, 41.027970804000063 ], [ 45.264235126000131, 41.027178301000163 ], [ 45.263284670000189, 41.026228089000028 ], [ 45.262446043000182, 41.025591588000054 ], [ 45.261811905000116, 41.024242942000171 ], [ 45.26117810400018, 41.02297278500015 ], [ 45.261275150000188, 41.021303269000043 ], [ 45.260847404000174, 41.019713436000075 ], [ 45.261266341000066, 41.01907407200008 ], [ 45.261367474, 41.018440662000103 ], [ 45.261362448000114, 41.017169077000119 ], [ 45.261252839, 41.015657015000045 ], [ 45.260097205000136, 41.015183434000051 ], [ 45.259146653000187, 41.014149459 ], [ 45.258935052000027, 41.013040558 ], [ 45.259663282000076, 41.01200280300003 ], [ 45.260393076000014, 41.011367975000098 ], [ 45.261131004000163, 41.01104709800012 ], [ 45.261540782000168, 41.009853065000186 ], [ 45.261534181000059, 41.008183779999968 ], [ 45.261217991000194, 41.006834405000177 ], [ 45.261212639000064, 41.00547909200003 ], [ 45.261311872000192, 41.004369488000066 ], [ 45.260157053000114, 41.004052892000118 ], [ 45.258688551000148, 41.004773107000119 ], [ 45.257539298000154, 41.00588505900015 ], [ 45.256597892000059, 41.007163990000151 ], [ 45.255237649000094, 41.007323997000185 ], [ 45.254497579000144, 41.007084920000182 ], [ 45.252716571000178, 41.00740804600008 ], [ 45.252299741000172, 41.008602064000115 ], [ 45.252101295999978, 41.010910213000045 ], [ 45.252004033000048, 41.012579724000091 ], [ 45.251796227000057, 41.014249477000135 ], [ 45.251170565000166, 41.015046244000075 ], [ 45.250015904000122, 41.014808041000151 ], [ 45.248542863000182, 41.014413525 ], [ 45.246553471000084, 41.014496291000114 ], [ 45.246025748000193, 41.013780510000117 ], [ 45.244551593000153, 41.013071971000045 ], [ 45.243079200000125, 41.012834372000043 ], [ 45.241190289000031, 41.01204293700016 ], [ 45.239934121000033, 41.012364766000076 ], [ 45.23909301599997, 41.012842709000097 ], [ 45.238468648000037, 41.014037106000046 ], [ 45.23605783000005, 41.014120562000016 ], [ 45.235007722000034, 41.014122708000059 ], [ 45.234482668000112, 41.014123777 ], [ 45.233435091, 41.014842812000097 ], [ 45.233016465, 41.015639062000105 ], [ 45.233019415000058, 41.016476320999971 ], [ 45.233020392000071, 41.016753663000031 ], [ 45.233127937000177, 41.017862822000041 ], [ 45.232710964000034, 41.019135261000088 ], [ 45.231877198000177, 41.019775356000025 ], [ 45.231252067000014, 41.020807494000167 ], [ 45.23156773300002, 41.022162183000091 ], [ 45.23157218700004, 41.023433769000121 ], [ 45.23136935000008, 41.024705772000118 ], [ 45.229799466000031, 41.026299714000174 ], [ 45.228020544000117, 41.027412622000099 ], [ 45.227070604000176, 41.026462109000022 ], [ 45.22559634900017, 41.025748097000132 ], [ 45.22308037900018, 41.025517513000068 ], [ 45.222361514000113, 41.025445642000022 ], [ 45.221504402000051, 41.025358333000042 ], [ 45.218458778000127, 41.025845573000026 ], [ 45.217730783000036, 41.027197038000168 ], [ 45.217108231000054, 41.029102988000147 ], [ 45.217319201000066, 41.03021719700007 ], [ 45.218375340000136, 41.031962987999975 ], [ 45.218379819000063, 41.033318300000019 ], [ 45.217962465000028, 41.03459068300009 ], [ 45.21681410400015, 41.036340635000101 ], [ 45.216622245000167, 41.036843353000108 ], [ 45.216293293000092, 41.037691699000163 ], [ 45.215247736000038, 41.039205962000096 ], [ 45.214200316000017, 41.040160299000092 ], [ 45.212942200000043, 41.040084137 ], [ 45.210773963000122, 41.040689905000079 ], [ 45.209793410000088, 41.040963804000057 ], [ 45.207067893000101, 41.042402544000083 ], [ 45.204342241000177, 41.043835987000136 ], [ 45.202459975000068, 41.045351612000047 ], [ 45.200676455000064, 41.045271005000188 ], [ 45.198677491000069, 41.044798276000108 ], [ 45.197000523000042, 41.045675047000088 ], [ 45.196160579000036, 41.046791083000016 ], [ 45.196017958000027, 41.047644286000036 ], [ 45.195956758000136, 41.04798452700004 ], [ 45.195331512000052, 41.049257179000165 ], [ 45.194594949000134, 41.050294535000035 ], [ 45.192916152000066, 41.050611330000038 ], [ 45.191029057000151, 41.050614474000099 ], [ 45.188194957000121, 41.050619137000069 ], [ 45.186405093000189, 41.050784265 ], [ 45.185992350000049, 41.051496602999975 ], [ 45.185995489000049, 41.052611201000047 ], [ 45.186000412, 41.054358974000138 ], [ 45.184631905, 41.054444901000068 ], [ 45.184207332000142, 41.05340947100018 ], [ 45.183152184000051, 41.051820357000111 ], [ 45.183044537000114, 41.050391952000155 ], [ 45.183041883000101, 41.049434339000072 ], [ 45.184406095000156, 41.04784660200005 ], [ 45.184299521000071, 41.046810661000052 ], [ 45.184119692000195, 41.046769086000097 ], [ 45.182093051000095, 41.046259483000085 ], [ 45.180518634000123, 41.046816645000035 ], [ 45.180125703000044, 41.047204493000152 ], [ 45.179153711000083, 41.048168859000157 ], [ 45.177056039000092, 41.049527417000149 ], [ 45.175591891000067, 41.050005849000115 ], [ 45.174015869000073, 41.050008240000011 ], [ 45.172937003000129, 41.049805781000089 ], [ 45.171913470000106, 41.049613696000051 ], [ 45.169810692, 41.049062128000116 ], [ 45.168026312000165, 41.048667045000172 ], [ 45.166554796000128, 41.048983153000052 ], [ 45.166031869999983, 41.049941525000122 ], [ 45.165725199000121, 41.051689749000161 ], [ 45.16583388000015, 41.053678086000104 ], [ 45.165624965000177, 41.055823866000026 ], [ 45.165001440000026, 41.058048732000088 ], [ 45.164058879000095, 41.059881584000038 ], [ 45.162385174000065, 41.062427130000117 ], [ 45.160289398000032, 41.064894745000117 ], [ 45.158301608000045, 41.066326065000055 ], [ 45.159561124000163, 41.066800519000083 ], [ 45.161456776000193, 41.067279302000145 ], [ 45.162716720000162, 41.067910707000067 ], [ 45.164398071000107, 41.068384511000033 ], [ 45.165658275000112, 41.069099609000034 ], [ 45.166711071000179, 41.06981499300008 ], [ 45.166187574999981, 41.070611144000111 ], [ 45.164930123000033, 41.07101064800014 ], [ 45.163458496000089, 41.071488936000094 ], [ 45.163884629000052, 41.073236106000081 ], [ 45.1647332, 41.075223382 ], [ 45.164920965000192, 41.075646975000154 ], [ 45.165574697000125, 41.07712693700006 ], [ 45.165794263000123, 41.079193599000178 ], [ 45.165479946000175, 41.080706345000067 ], [ 45.164639024000053, 41.081822147000025 ], [ 45.163279581000097, 41.083017172000041 ], [ 45.161234205000142, 41.083721254000068 ], [ 45.160971630000176, 41.083815813000172 ], [ 45.16086801900002, 41.083868286000154 ], [ 45.15950046100005, 41.084613252000111 ], [ 45.15782310100019, 41.08596563600014 ], [ 45.156454075000056, 41.086124489000042 ], [ 45.155196268000168, 41.086523886000123 ], [ 45.152149525000027, 41.08796175000009 ], [ 45.149108478000073, 41.088918103000083 ], [ 45.146689833000039, 41.089873586000181 ], [ 45.144173770000123, 41.090593661000128 ], [ 45.140392226000074, 41.091472216000113 ], [ 45.137240351000116, 41.092512116000194 ], [ 45.134725045000039, 41.093702940000128 ], [ 45.132624528000065, 41.094819972000153 ], [ 45.133251730000097, 41.093704653000145 ], [ 45.13356058800008, 41.092516440000168 ], [ 45.134083034000128, 41.09092504900002 ], [ 45.1338716570001, 41.089015306000192 ], [ 45.133444924000059, 41.086629621999975 ], [ 45.133864393000067, 41.085436045999984 ], [ 45.134594745000072, 41.084085120000111 ], [ 45.134280779000051, 41.08273541 ], [ 45.133433027000081, 41.080747911000174 ], [ 45.131960083000081, 41.077332552000087 ], [ 45.131216831000188, 41.07566411900018 ], [ 45.130790914000045, 41.073597624000172 ], [ 45.130683885000167, 41.071928462000074 ], [ 45.131207664000044, 41.071053979000112 ], [ 45.131523514999969, 41.06993901900006 ], [ 45.132149705000131, 41.068426005000106 ], [ 45.132354584000097, 41.067154183000184 ], [ 45.132669766000049, 41.065725247999978 ], [ 45.133192984000175, 41.064610043000187 ], [ 45.133294611000167, 41.063579051000147 ], [ 45.132139208000069, 41.063182683000036 ], [ 45.130880268000169, 41.062864915000034 ], [ 45.128983266000034, 41.061516973000039 ], [ 45.125301754000077, 41.059689529000025 ], [ 45.123939371000063, 41.059455523 ], [ 45.122046274000184, 41.060090721000165 ], [ 45.120787585000073, 41.059851335000076 ], [ 45.118476932000078, 41.058979844000191 ], [ 45.116580017000103, 41.057474710000179 ], [ 45.114481876000127, 41.055488320000109 ], [ 45.113843690000067, 41.054217363000021 ], [ 45.114160170000162, 41.053343159000178 ], [ 45.115527914000154, 41.052781878000189 ], [ 45.115941004000035, 41.051829079000129 ], [ 45.116567943000177, 41.05063535000005 ], [ 45.11688437000015, 41.049761138000179 ], [ 45.116047412000171, 41.049442778000127 ], [ 45.114471399000081, 41.049444354000116 ], [ 45.114049060000184, 41.049047073000168 ], [ 45.113204943000085, 41.048571713000115 ], [ 45.112153606000049, 41.048175042000082 ], [ 45.111737262000076, 41.047223061000068 ], [ 45.11042328000002, 41.04681616300013 ], [ 45.109946103000084, 41.04667009800005 ], [ 45.10753315, 41.04627467500012 ], [ 45.105113564000192, 41.046036195000113 ], [ 45.10333064800011, 41.046278520000158 ], [ 45.102598836000141, 41.046833860000106 ], [ 45.102704251000034, 41.047948370000142 ], [ 45.103437811000163, 41.048502400000132 ], [ 45.105014435000044, 41.048898673000167 ], [ 45.106383834000155, 41.049373610000089 ], [ 45.107331725000108, 41.049927417 ], [ 45.107540136000068, 41.050565634000122 ], [ 45.107859930000075, 41.051679939000053 ], [ 45.106810632000077, 41.052554807000149 ], [ 45.105650316000037, 41.053189055000075 ], [ 45.105484611000065, 41.053314796000052 ], [ 45.104711321000025, 41.053906817000097 ], [ 45.103557883000178, 41.054546270000174 ], [ 45.102190608000114, 41.055499875000123 ], [ 45.102613534999989, 41.056294896000054 ], [ 45.103450638000083, 41.056691847000138 ], [ 45.103831863000096, 41.057329915000025 ], [ 45.104842879999978, 41.058396506000065 ], [ 45.106054545000177, 41.059541397000032 ], [ 45.107362666000142, 41.060455939000178 ], [ 45.108366119000095, 41.061062013000083 ], [ 45.110682547000067, 41.061290058 ], [ 45.112293927, 41.061592005000023 ], [ 45.111797175000106, 41.062199501000066 ], [ 45.109378273000175, 41.06273557600008 ], [ 45.10655784100004, 41.062968464000164 ], [ 45.104546783000103, 41.063504059000138 ], [ 45.102334598000141, 41.063657798000179 ], [ 45.099816808000185, 41.06289600700012 ], [ 45.098100845000033, 41.061986961000059 ], [ 45.094875246000015, 41.059320896000145 ], [ 45.093870969000136, 41.058029199000146 ], [ 45.093868365000105, 41.056197694000048 ], [ 45.09436403300009, 41.054747782000163 ], [ 45.093865010000115, 41.053837668000142 ], [ 45.092350674000045, 41.053530152000121 ], [ 45.089634374000184, 41.053841036000108 ], [ 45.085508215000118, 41.054451186000108 ], [ 45.080372322000187, 41.054758389000028 ], [ 45.076148188000047, 41.054457750000154 ], [ 45.072421565000184, 41.053926399000147 ], [ 45.068093121000175, 41.052940023000076 ], [ 45.065085410000108, 41.052251021000075 ], [ 45.063460576000125, 41.051875159000076 ], [ 45.060743923000132, 41.051876623000169 ], [ 45.062052623000056, 41.054235954999967 ], [ 45.064066263000029, 41.056296608000025 ], [ 45.065477659000123, 41.057436582000037 ], [ 45.066185784000027, 41.060408451000171 ], [ 45.066692546000183, 41.062464678000026 ], [ 45.068001830000185, 41.064980924000054 ], [ 45.068612001000133, 41.066655080000032 ], [ 45.069520802000056, 41.069548311000062 ], [ 45.070427003000191, 41.069929760000093 ], [ 45.07183164200012, 41.07084464400009 ], [ 45.073547819000112, 41.072062819000053 ], [ 45.074959026999977, 41.072595662000026 ], [ 45.076770697000143, 41.072594469000194 ], [ 45.077476360000162, 41.072897503000036 ], [ 45.077678238000033, 41.07404336400009 ], [ 45.077582949000032, 41.075335945000177 ], [ 45.076374667000039, 41.076938007000024 ], [ 45.075167280000073, 41.079377313000066 ], [ 45.075473040000134, 41.08066962800018 ], [ 45.076981090000061, 41.081050629000174 ], [ 45.0770227000001, 41.081150025 ], [ 45.077487365000138, 41.082269545000088 ], [ 45.077592985000138, 41.08387072700009 ], [ 45.078292490000194, 41.084707510000101 ], [ 45.079208153000195, 41.086993640000117 ], [ 45.078400852000129, 41.088595444000134 ], [ 45.07769726000015, 41.090197172000103 ], [ 45.077097295000158, 41.091720333000126 ], [ 45.075584092000099, 41.093092341000101 ], [ 45.074582950000035, 41.094694244000038 ], [ 45.07377509600019, 41.09598727600013 ], [ 45.074080313000138, 41.096751075000157 ], [ 45.07518829900016, 41.097817857000166 ], [ 45.076296054000068, 41.098654383000053 ], [ 45.077494412000078, 41.100040284999977 ], [ 45.077813056000139, 41.100406369000098 ], [ 45.0787208160001, 41.10169826300006 ], [ 45.080735492000031, 41.102994612000089 ], [ 45.083856942000182, 41.104133141000091 ], [ 45.085255165000149, 41.104728658000056 ], [ 45.085469750000016, 41.10482269 ], [ 45.089906046000124, 41.106111823000163 ], [ 45.09171969900018, 41.106874387000062 ], [ 45.091639058000169, 41.10858558700005 ], [ 45.091524669000194, 41.11090905400016 ], [ 45.092030595000097, 41.111520892000158 ], [ 45.093034685000077, 41.11212709300014 ], [ 45.094045504000121, 41.112586761000159 ], [ 45.094650295000179, 41.114564274000088 ], [ 45.095863479000172, 41.116164515000094 ], [ 45.097879159000172, 41.117612312000063 ], [ 45.098489443, 41.118527535 ], [ 45.099903459000132, 41.120122328000093 ], [ 45.100905893000117, 41.119514447000142 ], [ 45.101914282000166, 41.118294313000092 ], [ 45.102860399000178, 41.117100388000154 ], [ 45.103419756, 41.116388224000048 ], [ 45.105229344000179, 41.114330086000109 ], [ 45.107344122000029, 41.112805383000136 ], [ 45.108755214000041, 41.112573815000189 ], [ 45.111675528000092, 41.112874525000166 ], [ 45.114610162000076, 41.113436789000161 ], [ 45.116416653000044, 41.113785577000044 ], [ 45.118334884000092, 41.114699367000185 ], [ 45.120149235000156, 41.115534741000033 ], [ 45.121760999000116, 41.115302804000123 ], [ 45.123573408000084, 41.115070630000048 ], [ 45.126188150000075, 41.114691033000042 ], [ 45.129716621000057, 41.114530130000105 ], [ 45.132034392000094, 41.114454237000132 ], [ 45.137879003000023, 41.113458387000151 ], [ 45.140494066000144, 41.113298243000088 ], [ 45.143215233000149, 41.114210637000042 ], [ 45.145132164000017, 41.114359990000082 ], [ 45.14835597400014, 41.114130873000192 ], [ 45.150874878000195, 41.114279353000086 ], [ 45.152796062000164, 41.116254828000194 ], [ 45.15380293200019, 41.117781472 ], [ 45.155017598000143, 41.119375854000111 ], [ 45.156128178000188, 41.120823845000132 ], [ 45.157342970000172, 41.122423434000041 ], [ 45.158251498000027, 41.12325944000014 ], [ 45.159760072000097, 41.123257358000103 ], [ 45.161675441000057, 41.122647680000114 ], [ 45.163085800000147, 41.122111945000142 ], [ 45.164497076000032, 41.121952954 ], [ 45.166414861000135, 41.12233219500007 ], [ 45.16761854900011, 41.122178698000027 ], [ 45.169132258000047, 41.121490987000072 ], [ 45.169628131000081, 41.120574515000101 ], [ 45.170941708000157, 41.120117319000087 ], [ 45.17204707500008, 41.119430174000172 ], [ 45.173963019000155, 41.119123794000075 ], [ 45.175070159000086, 41.119122117000188 ], [ 45.176579661000119, 41.119501809000155 ], [ 45.178097119000086, 41.120258231000037 ], [ 45.17930343300003, 41.121093611000049 ], [ 45.180516497000042, 41.121855708000169 ], [ 45.18102353400019, 41.122540411000045 ], [ 45.182438587000092, 41.123757424000132 ], [ 45.183348733000059, 41.125053717000185 ], [ 45.184259325000085, 41.126496520000103 ], [ 45.184865468000055, 41.127945038 ], [ 45.184974405000105, 41.129771113000061 ], [ 45.185281494000037, 41.130686361000073 ], [ 45.186487231000058, 41.131218161000049 ], [ 45.188805729000023, 41.131214385000078 ], [ 45.189816406000091, 41.131291216000136 ], [ 45.190924629000051, 41.131592888000057 ], [ 45.192034419000038, 41.132428292000043 ], [ 45.193649263000054, 41.133189578000156 ], [ 45.195874110000034, 41.134253308999973 ], [ 45.199401615000113, 41.135770003000061 ], [ 45.203443593000088, 41.137971177000111 ], [ 45.205261325000038, 41.139338946000066 ], [ 45.205866379000156, 41.140253606000044 ], [ 45.206175708999979, 41.14177579700015 ], [ 45.205876623000108, 41.143529318 ], [ 45.205987611000069, 41.14581585000019 ], [ 45.206194328000038, 41.147720217000142 ], [ 45.206098600000075, 41.150310619000038 ], [ 45.205201915000089, 41.153587944000037 ], [ 45.204405695000105, 41.155802827000059 ], [ 45.203802086000167, 41.157630138000172 ], [ 45.203913498000134, 41.160068416000115 ], [ 45.202906124000094, 41.161210941000093 ], [ 45.201600752000104, 41.162280720000069 ], [ 45.20022026900017, 41.163711676000162 ], [ 45.19908819900013, 41.164875314000142 ], [ 45.197984197000096, 41.166174945000137 ], [ 45.196066778000159, 41.166408467000053 ], [ 45.192742745000032, 41.166335586000173 ], [ 45.190421903000185, 41.165957453000033 ], [ 45.188903249000134, 41.165201202000105 ], [ 45.185778157000186, 41.164442299000086 ], [ 45.183763584000019, 41.164597281000113 ], [ 45.182152313000017, 41.165363826000032 ], [ 45.180541206000044, 41.166203606000067 ], [ 45.179005531000087, 41.166786841000089 ], [ 45.178120084999989, 41.167123111000024 ], [ 45.175602144000152, 41.168115972000066 ], [ 45.172682690000158, 41.16918787100019 ], [ 45.16986107800011, 41.170641544000091 ], [ 45.167649132000065, 41.172240780000095 ], [ 45.165534626000067, 41.17407530800017 ], [ 45.164968252000108, 41.174677888000133 ], [ 45.163524641000095, 41.176213148000159 ], [ 45.161714809000102, 41.178120430000035 ], [ 45.159695973000055, 41.179567489000135 ], [ 45.157989101000055, 41.181171069000129 ], [ 45.156577985000183, 41.181936979000056 ], [ 45.155567472000143, 41.18224184800016 ], [ 45.154259659000047, 41.182777349000162 ], [ 45.15264688100018, 41.183234748000075 ], [ 45.152577666000013, 41.18325577100012 ], [ 45.15133867500009, 41.183618466000041 ], [ 45.150127950000012, 41.184232283000085 ], [ 45.149423007000053, 41.184918691000064 ], [ 45.148919265000131, 41.185756585000092 ], [ 45.148623998000119, 41.186897708000117 ], [ 45.14771104100015, 41.18751111500012 ], [ 45.14640322200006, 41.188119784000151 ], [ 45.144286935000025, 41.18964518700011 ], [ 45.143791026000088, 41.190943530000027 ], [ 45.143938813000148, 41.192000361000112 ], [ 45.143995091000193, 41.192392748000032 ], [ 45.144198659000153, 41.193611724000164 ], [ 45.143492548000097, 41.193837614000188 ], [ 45.141371912000125, 41.193458246000034 ], [ 45.140478270000074, 41.193459339000071 ], [ 45.139660829000036, 41.193460334000065 ], [ 45.138747697000156, 41.19407366900009 ], [ 45.137744325000085, 41.194608614 ], [ 45.136733377000098, 41.194840060000161 ], [ 45.135119869, 41.195145464000063 ], [ 45.132502752000107, 41.195907253000087 ], [ 45.130184236000105, 41.19705586900011 ], [ 45.128571841, 41.197973411000191 ], [ 45.128373149000083, 41.199109138999972 ], [ 45.128373159000091, 41.199114372000167 ], [ 45.129283433000126, 41.200484333000077 ], [ 45.12999312300019, 41.202006263000044 ], [ 45.129586754000059, 41.20322595000016 ], [ 45.12898787000006, 41.205209831000104 ], [ 45.127979695000079, 41.206963924000036 ], [ 45.126672779000103, 41.20833634700017 ], [ 45.12495568300011, 41.209023710999986 ], [ 45.123646368000095, 41.20917687400015 ], [ 45.121934166000131, 41.208796710000115 ], [ 45.121225149, 41.207578230000024 ], [ 45.120717239000101, 41.206438026 ], [ 45.120312577, 41.20491572200018 ], [ 45.119602937000082, 41.203315242000087 ], [ 45.120002141999976, 41.201865357000145 ], [ 45.119598221000047, 41.200725039000133 ], [ 45.118080939000095, 41.200726605000057 ], [ 45.1166690660001, 41.201565282999979 ], [ 45.115865381000106, 41.201566094000157 ], [ 45.114250818000187, 41.201415957000052 ], [ 45.112329199000101, 41.199968377 ], [ 45.110311701000114, 41.19913308800011 ], [ 45.109097265, 41.197915015000149 ], [ 45.107987290000096, 41.197000330000037 ], [ 45.107181552000043, 41.195708593000177 ], [ 45.105566295000074, 41.195024595000064 ], [ 45.104047328999968, 41.19388000500004 ], [ 45.102937017000158, 41.192661771000132 ], [ 45.101424965000092, 41.191443881000112 ], [ 45.100413010000125, 41.191068009000105 ], [ 45.098695170000099, 41.191142753000065 ], [ 45.096784381000191, 41.191908356000056 ], [ 45.095468747000041, 41.19229144500008 ], [ 45.093654103000176, 41.192517944000087 ], [ 45.092545724000047, 41.192518840000162 ], [ 45.090627051000183, 41.192672115000107 ], [ 45.089422312000067, 41.193133539000087 ], [ 45.087705020000044, 41.193668601000127 ], [ 45.085786500000154, 41.193973545000176 ], [ 45.083971100000042, 41.193671384000083 ], [ 45.081447883000067, 41.192375473000084 ], [ 45.079127130000188, 41.192303832000107 ], [ 45.076002894000112, 41.192305936000082 ], [ 45.072976146000144, 41.192763143000036 ], [ 45.070960436000178, 41.192916153000056 ], [ 45.068945436000092, 41.193754617000138 ], [ 45.065107297000054, 41.193453351000073 ], [ 45.063194876000182, 41.192999166999982 ], [ 45.061982141999977, 41.192539344000068 ], [ 45.059059060000095, 41.192844379000178 ], [ 45.057140367000045, 41.193075588 ], [ 45.055692458000067, 41.192987341000105 ], [ 45.054618654000194, 41.192925061999972 ], [ 45.052298514000086, 41.193611630000134 ], [ 45.051793648000057, 41.194679339000118 ], [ 45.051794609000069, 41.195898570000168 ], [ 45.051088810000181, 41.196966366000083 ], [ 45.050286346000064, 41.198489450000125 ], [ 45.050682078000079, 41.199572455000123 ], [ 45.050793150000061, 41.199860207000143 ], [ 45.052907282000035, 41.201156977000153 ], [ 45.054522268000028, 41.201993463000065 ], [ 45.055535421000116, 41.203897697000059 ], [ 45.054323989000068, 41.205190763000132 ], [ 45.051497553000161, 41.205804292000153 ], [ 45.048170676000154, 41.20435626200009 ], [ 45.046050410000021, 41.204205380000019 ], [ 45.043022110000095, 41.203447803000131 ], [ 45.040803936000088, 41.201768899000172 ], [ 45.038378034000118, 41.200095254000132 ], [ 45.035051247000069, 41.197731113000032 ], [ 45.033207928000081, 41.196763600000168 ], [ 45.032729783000036, 41.196512565000091 ], [ 45.03142042800016, 41.19651293000004 ], [ 45.029501806000042, 41.197355910000169 ], [ 45.028594683, 41.198345128000085 ], [ 45.027687693000132, 41.199716330000058 ], [ 45.027383682000107, 41.201699614000177 ], [ 45.027183578000063, 41.203677639000148 ], [ 45.02708071700016, 41.20626787100008 ], [ 45.02758767600011, 41.209014939000156 ], [ 45.028295528000058, 41.211526482000068 ], [ 45.029107414000066, 41.214116483000055 ], [ 45.030313914000089, 41.215717389000133 ], [ 45.032435382000074, 41.217621525000141 ], [ 45.034452020000174, 41.217620940000188 ], [ 45.038090020000084, 41.217164546000049 ], [ 45.040210501000104, 41.21701207600006 ], [ 45.042628511000146, 41.2161687360001 ], [ 45.044443522000108, 41.215257555000107 ], [ 45.045552177000104, 41.215100140000175 ], [ 45.046765265000147, 41.215633392000029 ], [ 45.047778241000117, 41.217312683000159 ], [ 45.048687312000084, 41.218986776 ], [ 45.049090400000011, 41.220509329000151 ], [ 45.049597235000135, 41.221728338000048 ], [ 45.049598330000151, 41.223177803000169 ], [ 45.0495997700001, 41.225082514000064 ], [ 45.049899012000139, 41.226683598000022 ], [ 45.050912117000053, 41.228205877000164 ], [ 45.05232734599997, 41.229806455000073 ], [ 45.052529087000096, 41.230722089000153 ], [ 45.05263415800016, 41.232093013000053 ], [ 45.053037605000043, 41.233845789000156 ], [ 45.053136374000132, 41.235975458000041 ], [ 45.052638498000135, 41.237503639000124 ], [ 45.052841123000121, 41.239481512000054 ], [ 45.053951424000047, 41.240851967000026 ], [ 45.054034713000135, 41.240972280000108 ], [ 45.054756548000057, 41.241997550000065 ], [ 45.056372955000143, 41.2432892490001 ], [ 45.058599116000039, 41.244130604000134 ], [ 45.059812842000099, 41.244658483000023 ], [ 45.062739248000128, 41.245420901000045 ], [ 45.064050697000027, 41.24656614100013 ], [ 45.062338877000116, 41.24725256500011 ], [ 45.058900577000031, 41.247861369000191 ], [ 45.056682671000033, 41.248699714 ], [ 45.054263703000061, 41.249616603000106 ], [ 45.051532002999977, 41.249696348000043 ], [ 45.049917095000126, 41.250455801000101 ], [ 45.049218701000086, 41.252973031000181 ], [ 45.048207211000033, 41.254114187000084 ], [ 45.046689507000053, 41.255260773000089 ], [ 45.045886173000042, 41.25670531999998 ], [ 45.045686410000144, 41.258610100000055 ], [ 45.044876136000028, 41.260138365000103 ], [ 45.043767427000034, 41.261358009000105 ], [ 45.04175022000004, 41.262577976000046 ], [ 45.040959878000194, 41.262934082000072 ], [ 45.039226644000166, 41.263719589000118 ], [ 45.037410441000077, 41.265017901000078 ], [ 45.035393289000126, 41.266766256000039 ], [ 45.033168087000035, 41.268750106000027 ], [ 45.031456095000181, 41.270958779000125 ], [ 45.030042337000054, 41.273397585999987 ], [ 45.029904507000026, 41.275344179000058 ], [ 45.029842480000127, 41.276218052000161 ], [ 45.029940596000074, 41.278426217000117 ], [ 45.02832529300008, 41.280488299000069 ], [ 45.026106194000079, 41.28208478900018 ], [ 45.024892855000132, 41.283686256000067 ], [ 45.024650124000061, 41.283858986000155 ], [ 45.023179844000083, 41.284905826000056 ], [ 45.022673775000044, 41.28589490100012 ], [ 45.021966662000068, 41.287344487000155 ], [ 45.021356493000098, 41.288333576000184 ], [ 45.020351077000043, 41.290013444000067 ], [ 45.018534245000183, 41.292985903999977 ], [ 45.017522153000129, 41.296183218000067 ], [ 45.017022830000087, 41.297099009000078 ], [ 45.016814775, 41.297481023000046 ], [ 45.016009875000066, 41.297329391000119 ], [ 45.013983715000109, 41.296717434000186 ], [ 45.012165842000059, 41.296644383000114 ], [ 45.010250691000124, 41.295650364000039 ], [ 45.006510830000025, 41.294358169000134 ], [ 45.003374733000157, 41.2932908410001 ], [ 45.001862215000074, 41.292301902000077 ], [ 45.001563865999969, 41.29157979900009 ], [ 45.001258587000052, 41.290852462000032 ], [ 45.000245669000094, 41.289936753000063 ], [ 44.998157451000168, 41.289146606000145 ], [ 44.996811582000078, 41.28864424000011 ], [ 44.996735295000065, 41.288136669000153 ], [ 44.99661046500006, 41.287273276 ], [ 44.996208184000068, 41.285745324000061 ], [ 44.994688986000142, 41.285059784 ], [ 44.992871475000129, 41.28483468100012 ], [ 44.990242313000181, 41.284755998000094 ], [ 44.988126544000181, 41.284452305000116 ], [ 44.985761189000129, 41.283557250000058 ], [ 44.985698761000151, 41.283536310999978 ], [ 44.982771629000069, 41.28246844500012 ], [ 44.980246786000123, 41.281861050000032 ], [ 44.978228451, 41.281018225000025 ], [ 44.977521583000168, 41.279040139000131 ], [ 44.976814382000157, 41.2781242800001 ], [ 44.974587967000105, 41.277668567000148 ], [ 44.9737838960001, 41.276297426000156 ], [ 44.974387855000032, 41.274999857000125 ], [ 44.974998754000069, 41.273629029000062 ], [ 44.975241864000111, 41.272697665000067 ], [ 44.975297430000069, 41.272488370000076 ], [ 44.974493261000077, 41.271493985000177 ], [ 44.973175941000136, 41.270352960000139 ], [ 44.972669773000177, 41.270038880000129 ], [ 44.971560375000024, 41.269363595000073 ], [ 44.967829753000103, 41.267986417000031 ], [ 44.964695714000072, 41.266614535000031 ], [ 44.964599319000172, 41.265322032000086 ], [ 44.964433479000093, 41.264212651000037 ], [ 44.964398946000188, 41.263951006000184 ], [ 44.962784407000072, 41.26166381000013 ], [ 44.962077907999969, 41.260214124000072 ], [ 44.961877915000059, 41.258309357000087 ], [ 44.961469774000136, 41.256634759000121 ], [ 44.960263140000109, 41.256786097000031 ], [ 44.958646664000128, 41.258078003000151 ], [ 44.956114828000068, 41.259296284000129 ], [ 44.954402024000103, 41.259295618000067 ], [ 44.953091959000176, 41.258536351000089 ], [ 44.95117160000018, 41.257923328000061 ], [ 44.949957869000173, 41.258226303000185 ], [ 44.948043210000151, 41.259219667000139 ], [ 44.947273279000115, 41.259480951000057 ], [ 44.946017794000056, 41.259904217999974 ], [ 44.944444139000154, 41.259343571000045 ], [ 44.944305495000037, 41.259291177000193 ], [ 44.943293991000189, 41.258223214000168 ], [ 44.942490543000133, 41.257160578000025 ], [ 44.94137529600016, 41.255862307000143 ], [ 44.940169256000047, 41.255327952000073 ], [ 44.939156041000103, 41.256243143000063 ], [ 44.93855148900019, 41.257613788000185 ], [ 44.937843471000065, 41.258377381000059 ], [ 44.936733246000131, 41.259135517000061 ], [ 44.935366213000066, 41.260102806000077 ], [ 44.93511639400009, 41.260280577000117 ], [ 44.932994508000036, 41.260200871000109 ], [ 44.932627161000141, 41.260022745000128 ], [ 44.931580580000116, 41.259514557000159 ], [ 44.929860837000035, 41.259513522000191 ], [ 44.928792511000097, 41.259900086000187 ], [ 44.927536871000143, 41.260349314000052 ], [ 44.925823951000154, 41.260426713000129 ], [ 44.924763716000086, 41.259771939000132 ], [ 44.924715211000091, 41.259740511000018 ], [ 44.923503015000108, 41.258593752000081 ], [ 44.920778087000087, 41.258366904000184 ], [ 44.91885784800013, 41.257905089000076 ], [ 44.916736730000082, 41.257296583000141 ], [ 44.914316396000061, 41.257519813000158 ], [ 44.912796580000077, 41.25843439300013 ], [ 44.91199045500008, 41.259731488000114 ], [ 44.909770273000049, 41.260567000000151 ], [ 44.908151962000147, 41.262391929000046 ], [ 44.906227324000099, 41.264985791000072 ], [ 44.905010054000059, 41.267496483000173 ], [ 44.904098078000118, 41.269855667000115 ], [ 44.902881528000194, 41.271764576000066 ], [ 44.9020615230001, 41.272826116000147 ], [ 44.901470827000082, 41.27358958300016 ], [ 44.899242871000126, 41.274576631000116 ], [ 44.896822672000155, 41.27427099200014 ], [ 44.893287167000096, 41.273127045000081 ], [ 44.892380698000181, 41.271828497000115 ], [ 44.892353960000094, 41.271216247999973 ], [ 44.892280291000134, 41.269620211000188 ], [ 44.891783959000065, 41.267788306000057 ], [ 44.891077443000086, 41.267253906000064 ], [ 44.889155986000162, 41.267482311000037 ], [ 44.887434858, 41.268166122000025 ], [ 44.885817725999971, 41.268850012000144 ], [ 44.881376570000043, 41.270216484000059 ], [ 44.87914617000007, 41.272427589000131 ], [ 44.878595847000099, 41.273719481000057 ], [ 44.878338080000162, 41.2743314330001 ], [ 44.876519702000166, 41.274936487000048 ], [ 44.87358383600008, 41.275922277000063 ], [ 44.872374863000175, 41.276988409000182 ], [ 44.871210040000165, 41.276746409000054 ], [ 44.870149217000062, 41.276530678000086 ], [ 44.868637883000076, 41.276146978000099 ], [ 44.866620227000112, 41.275762672000099 ], [ 44.864296615000057, 41.275759957000162 ], [ 44.862881476000098, 41.275836770000012 ], [ 44.860156212000049, 41.275529997000149 ], [ 44.858033926000132, 41.27544891000008 ], [ 44.85571132900003, 41.27499077900012 ], [ 44.853895782, 41.274224519000143 ], [ 44.851876546000085, 41.274603924000189 ], [ 44.85065328800016, 41.2757064380001 ], [ 44.850354424000102, 41.275972917 ], [ 44.849143844000139, 41.277572535000047 ], [ 44.84903383000011, 41.280162564000193 ], [ 44.849229211000193, 41.282674502000191 ], [ 44.849528833000079, 41.285113318000185 ], [ 44.847403581000094, 41.286177985000108 ], [ 44.845077077000155, 41.287242341000024 ], [ 44.842424146000155, 41.288426555000171 ], [ 44.842347758000017, 41.288457847000075 ], [ 44.841735235000044, 41.289294233000192 ], [ 44.841728058000115, 41.289393643000039 ], [ 44.841529981000122, 41.290973635000057 ], [ 44.840216140000052, 41.292039282000189 ], [ 44.838701622000144, 41.292874395000126 ], [ 44.836376844000029, 41.293096119000154 ], [ 44.835264463000044, 41.294010248 ], [ 44.83465045000014, 41.295380324000064 ], [ 44.834140487000127, 41.296750546999988 ], [ 44.833229815000095, 41.297434709000129 ], [ 44.832622652000055, 41.298810016000118 ], [ 44.831913157000088, 41.299494460000119 ], [ 44.830401912000184, 41.298958513000059 ], [ 44.829285193000032, 41.298805115000164 ], [ 44.828077288000031, 41.29902832099998 ] ] ] } }
]
}
